CustomerID,Recency,Frequency,Monetary,UniqueProducts,AverageOrderValue,UniquePurchaseDays,CustomerLifespan,OrdersLast30Days,Target
12346.0,295,1,77183.6,1,77183.6,1,0,0,0
12347.0,9,6,4085.1800000000003,100,680.8633333333333,6,327,1,1
12348.0,44,4,1797.24,22,449.31,4,282,0,0
12350.0,279,1,334.4,17,334.4,1,0,0,0
12352.0,5,8,2506.04,59,313.255,7,260,1,0
12353.0,173,1,89.0,4,89.0,1,0,0,0
12354.0,201,1,1079.4,58,1079.4,1,0,0,0
12355.0,183,1,459.4,13,459.4,1,0,0,0
12356.0,215,2,2753.08,53,1376.54,2,80,0,1
12357.0,2,1,6207.67,131,6207.67,1,0,1,0
12358.0,120,1,484.86,12,484.86,1,0,0,1
12359.0,27,4,6372.58,214,1593.145,4,274,1,0
12360.0,21,3,2662.06,105,887.3533333333334,3,148,1,0
12361.0,256,1,189.9,10,189.9,1,0,0,0
12362.0,5,9,4697.19,183,521.91,9,259,4,1
12363.0,79,2,552.0,23,276.0,2,132,0,0
12364.0,9,3,1002.78,47,334.26,3,72,1,1
12365.0,260,2,641.38,22,320.69,1,0,0,0
12370.0,20,4,3545.69,143,886.4225,4,309,1,0
12371.0,14,2,1887.96,63,943.98,2,14,2,0
12372.0,41,3,1298.04,34,432.68,3,224,0,0
12373.0,280,1,364.6,14,364.6,1,0,0,0
12375.0,67,1,230.3,11,230.3,1,0,0,1
12377.0,284,2,1628.12,72,814.06,2,39,0,0
12378.0,99,1,4008.62,219,4008.62,1,0,0,0
12379.0,51,2,852.24,39,426.12,2,88,0,0
12380.0,26,3,1684.42,70,561.4733333333334,3,129,1,1
12381.0,2,4,1698.3,67,424.575,4,86,3,1
12383.0,154,5,1850.56,84,370.11199999999997,5,167,0,0
12384.0,91,1,292.69,14,292.69,1,0,0,1
12386.0,307,2,401.9,10,200.95,2,29,0,0
12388.0,45,5,2494.26,56,498.85200000000003,5,251,0,1
12390.0,49,1,549.84,32,549.84,1,0,0,0
12393.0,41,4,1582.6000000000001,47,395.65000000000003,4,260,0,0
12394.0,33,2,1272.48,26,636.24,2,153,0,0
12395.0,0,11,2752.8,89,250.25454545454548,10,339,2,1
12397.0,5,2,2409.9,110,1204.95,2,99,1,0
12398.0,15,1,1635.6599999999999,85,1635.6599999999999,1,0,1,0
12399.0,88,4,1108.65,47,277.1625,4,142,0,0
12401.0,272,1,84.3,5,84.3,1,0,0,0
12402.0,292,1,225.6,11,225.6,1,0,0,0
12403.0,19,1,427.7,5,427.7,1,0,1,0
12405.0,118,1,1710.39,54,1710.39,1,0,0,0
12406.0,153,1,1621.25,48,1621.25,1,0,0,1
12407.0,19,5,1708.1200000000001,57,341.624,5,214,1,0
12408.0,2,5,2888.55,81,577.71,4,227,1,0
12409.0,48,3,11072.67,91,3690.89,3,103,0,0
12410.0,278,2,693.3299999999999,26,346.66499999999996,1,0,0,0
12412.0,44,3,1226.88,43,408.96000000000004,3,94,0,0
12413.0,36,3,758.1,29,252.70000000000002,3,270,0,0
12414.0,186,3,562.41,16,187.47,3,93,0,0
12415.0,6,19,119559.13,434,6292.585789473685,15,301,2,1
12417.0,8,8,3279.37,150,409.92125,8,318,1,1
12418.0,82,1,668.58,34,668.58,1,0,0,0
12420.0,33,1,600.39,29,600.39,1,0,0,0
12421.0,84,3,628.56,25,209.51999999999998,3,204,0,1
12422.0,65,3,803.5600000000001,39,267.85333333333335,3,229,0,0
12423.0,70,7,1650.67,86,235.81,7,252,0,1
12424.0,132,2,1760.96,30,880.48,1,0,0,0
12425.0,47,1,777.2,36,777.2,1,0,0,0
12426.0,164,1,582.73,30,582.73,1,0,0,0
12427.0,29,2,586.08,24,293.04,2,311,1,1
12428.0,89,8,7548.12,252,943.515,6,163,0,1
12429.0,142,3,2844.88,62,948.2933333333334,3,193,0,1
12430.0,12,1,256.4,11,256.4,1,0,1,0
12431.0,5,15,6487.45,163,432.49666666666667,14,338,2,0
12432.0,12,5,5059.32,107,1011.8639999999999,3,129,2,0
12433.0,12,4,7893.89,197,1973.4725,4,330,1,1
12434.0,54,2,806.14,46,403.07,2,175,0,0
12435.0,49,2,7829.89,31,3914.945,2,188,0,0
12436.0,69,1,509.01,16,509.01,1,0,0,0
12437.0,5,15,4294.5,109,286.3,12,294,3,1
12438.0,109,1,890.0699999999999,49,890.0699999999999,1,0,0,1
12441.0,336,1,173.55,11,173.55,1,0,0,0
12444.0,28,4,4068.82,113,1017.205,4,112,1,1
12446.0,27,1,1002.3100000000001,58,1002.3100000000001,1,0,1,0
12447.0,212,1,476.49,26,476.49,1,0,0,0
12448.0,13,1,449.45,22,449.45,1,0,1,0
12449.0,61,3,2724.58,84,908.1933333333333,3,95,0,1
12450.0,125,2,197.88,7,98.94,2,17,0,0
12451.0,34,3,7847.38,221,2615.7933333333335,3,259,0,1
12453.0,103,1,707.09,43,707.09,1,0,0,0
12454.0,25,1,3528.34,15,3528.34,1,0,1,0
12455.0,42,6,2466.86,85,411.1433333333334,6,223,0,0
12456.0,13,3,3181.04,105,1060.3466666666666,3,210,1,0
12457.0,35,7,2363.23,53,337.6042857142857,7,172,0,0
12458.0,40,2,947.4,35,473.7,2,213,0,0
12461.0,63,2,826.88,35,413.44,2,60,0,0
12462.0,272,1,762.11,40,762.11,1,0,0,1
12463.0,22,4,1344.78,65,336.195,4,188,1,0
12464.0,75,6,780.55,6,130.09166666666667,5,203,0,1
12465.0,138,1,440.94,26,440.94,1,0,0,1
12468.0,157,2,729.5400000000001,36,364.77000000000004,2,128,0,0
12471.0,6,24,14891.26,134,620.4691666666666,16,328,1,1
12472.0,1,7,6572.11,219,938.8728571428571,7,336,2,0
12473.0,23,3,2884.23,139,961.41,3,138,1,1
12474.0,19,16,6197.06,217,387.31625,15,279,3,1
12475.0,23,1,723.38,36,723.38,1,0,1,0
12476.0,15,9,4822.43,122,535.8255555555556,8,315,2,1
12477.0,25,5,11182.05,181,2236.41,5,245,1,1
12480.0,112,3,2144.95,97,714.9833333333332,3,192,0,1
12481.0,35,9,5409.5199999999995,142,601.0577777777777,7,299,0,1
12483.0,10,7,2078.26,46,296.89428571428573,7,298,1,1
12484.0,2,6,4541.72,256,756.9533333333334,6,303,2,0
12488.0,9,2,767.45,26,383.725,2,36,1,1
12489.0,305,1,334.93,15,334.93,1,0,0,0
12490.0,6,7,4186.03,110,598.0042857142856,7,292,1,1
12491.0,8,1,460.40000000000003,25,460.40000000000003,1,0,1,0
12492.0,32,2,263.21000000000004,19,131.60500000000002,2,42,0,0
12493.0,135,2,433.74,20,216.87,2,31,0,0
12494.0,9,6,1083.6000000000001,56,180.60000000000002,6,325,1,1
12497.0,51,1,1043.1,14,1043.1,1,0,0,0
12498.0,27,1,247.25,13,247.25,1,0,1,1
12500.0,19,10,3640.78,34,364.07800000000003,9,284,3,1
12501.0,306,1,2169.39,149,2169.39,1,0,0,0
12502.0,65,5,3723.87,102,744.774,5,214,0,0
12506.0,202,1,73.5,23,73.5,1,0,0,0
12507.0,103,3,1304.81,19,434.93666666666667,3,164,0,0
12509.0,253,1,176.5,7,176.5,1,0,0,0
12510.0,112,2,982.5699999999999,29,491.28499999999997,2,182,0,0
12512.0,35,2,138.03,31,69.015,1,0,0,0
12513.0,82,1,612.29,35,612.29,1,0,0,0
12514.0,236,1,1017.68,51,1017.68,1,0,0,0
12515.0,322,1,383.7,16,383.7,1,0,0,0
12516.0,47,2,1312.06,20,656.03,2,102,0,0
12517.0,43,3,1955.9,181,651.9666666666667,3,116,0,1
12518.0,28,3,1230.79,60,410.2633333333333,3,51,1,1
12519.0,33,1,340.84,17,340.84,1,0,0,0
12520.0,48,5,2634.26,121,526.8520000000001,5,194,0,0
12521.0,112,1,599.68,38,599.68,1,0,0,0
12522.0,8,2,192.72,11,96.36,2,12,2,0
12523.0,13,10,1527.35,74,152.73499999999999,10,287,1,1
12524.0,33,7,4177.92,111,596.8457142857143,7,270,0,1
12526.0,23,2,1039.58,54,519.79,2,40,1,1
12527.0,51,3,348.71000000000004,18,116.23666666666668,3,243,0,0
12528.0,33,5,1561.88,47,312.37600000000003,5,249,0,1
12530.0,29,4,1662.28,51,415.57,4,277,1,0
12534.0,100,1,1089.18,63,1089.18,1,0,0,0
12535.0,61,2,716.35,28,358.175,2,94,0,0
12536.0,12,3,12601.830000000002,260,4200.610000000001,2,15,3,0
12539.0,231,3,4517.69,125,1505.8966666666665,3,71,0,1
12540.0,0,16,12511.97,270,781.998125,16,330,2,1
12541.0,142,2,536.14,27,268.07,2,107,0,1
12544.0,5,1,372.7,19,372.7,1,0,1,0
12545.0,44,2,1000.39,42,500.195,2,184,0,0
12546.0,16,2,1161.5,59,580.75,2,31,1,0
12547.0,167,2,207.79999999999998,7,103.89999999999999,2,82,0,0
12548.0,135,1,95.19999999999999,5,95.19999999999999,1,0,0,0
12550.0,48,1,964.83,57,964.83,1,0,0,0
12551.0,327,1,168.0,10,168.0,1,0,0,0
12552.0,8,2,437.82,20,218.91,2,0,2,0
12553.0,27,8,2897.14,88,362.1425,8,271,1,1
12556.0,19,2,603.71,100,301.855,2,100,1,0
12557.0,127,4,9000.960000000001,15,2250.2400000000002,4,213,0,1
12559.0,280,2,561.71,21,280.855,2,8,0,0
12560.0,81,2,1436.31,77,718.155,2,30,0,1
12561.0,272,1,238.85,16,238.85,1,0,0,0
12562.0,25,5,2507.4700000000003,75,501.494,5,142,1,1
12564.0,230,1,456.9,21,456.9,1,0,0,0
12565.0,258,1,145.92,9,145.92,1,0,0,0
12566.0,55,1,351.65,19,351.65,1,0,0,0
12567.0,65,9,7849.98,271,872.2199999999999,8,273,0,1
12569.0,5,22,2966.65,66,134.84772727272727,18,215,5,1
12571.0,9,2,519.61,31,259.805,2,81,1,0
12572.0,21,1,532.74,36,532.74,1,0,1,1
12573.0,196,1,160.54000000000002,26,160.54000000000002,1,0,0,0
12574.0,285,1,218.45,11,218.45,1,0,0,0
12576.0,5,5,1315.83,72,263.166,5,268,1,0
12577.0,4,3,657.8,137,219.26666666666665,2,323,2,0
12578.0,299,1,1608.66,70,1608.66,1,0,0,1
12579.0,47,1,440.42,29,440.42,1,0,0,0
12580.0,216,1,415.7,24,415.7,1,0,0,0
12581.0,9,1,197.71,15,197.71,1,0,1,0
12582.0,208,2,511.36,21,255.68,2,49,0,0
12583.0,1,13,6188.89,106,476.0684615384616,13,342,2,1
12584.0,9,7,1723.45,39,246.20714285714286,7,239,2,1
12585.0,203,2,2040.1,77,1020.05,2,117,0,0
12588.0,8,1,214.89999999999998,10,214.89999999999998,1,0,1,0
12589.0,114,1,131.5,10,131.5,1,0,0,1
12590.0,180,2,9864.26,68,4932.13,1,0,0,0
12591.0,286,1,452.84999999999997,26,452.84999999999997,1,0,0,0
12592.0,61,2,437.6,11,218.8,2,121,0,0
12593.0,78,3,418.09999999999997,14,139.36666666666665,3,110,0,0
12594.0,7,10,3338.2200000000003,50,333.822,9,285,2,0
12596.0,20,2,618.27,25,309.135,2,190,1,0
12597.0,9,3,3605.26,178,1201.7533333333333,3,227,1,1
12598.0,40,5,1946.1399999999999,54,389.22799999999995,4,213,0,1
12599.0,96,6,857.04,25,142.84,6,177,0,1
12600.0,53,9,2219.46,28,246.60666666666668,9,287,0,1
12601.0,159,5,577.0600000000001,21,115.412,5,142,0,0
12602.0,28,1,153.12,12,153.12,1,0,1,0
12604.0,48,2,254.18,15,127.09,2,182,0,0
12607.0,29,1,1579.51,101,1579.51,1,0,1,0
12609.0,47,3,1126.85,57,375.6166666666666,3,240,0,0
12610.0,13,4,1851.34,83,462.835,4,82,2,1
12611.0,21,1,1193.32,65,1193.32,1,0,1,0
12612.0,43,1,704.0400000000001,19,704.0400000000001,1,0,0,0
12613.0,26,5,3344.38,124,668.876,3,204,1,0
12614.0,247,1,315.6,20,315.6,1,0,0,0
12615.0,6,3,1868.34,74,622.78,3,131,1,1
12616.0,64,2,713.3,25,356.65,2,202,0,0
12619.0,3,8,3242.54,42,405.3175,8,219,1,1
12620.0,50,2,939.3199999999999,56,469.65999999999997,2,123,0,1
12621.0,22,18,11891.19,219,660.6216666666667,15,313,1,1
12622.0,201,1,180.1,11,180.1,1,0,0,0
12623.0,245,1,305.1,18,305.1,1,0,0,0
12624.0,75,2,641.13,36,320.565,2,71,0,0
12625.0,181,2,2683.82,73,1341.91,2,107,0,0
12626.0,12,8,6368.51,225,796.06375,8,283,1,1
12627.0,33,6,3911.55,143,651.9250000000001,6,76,0,1
12628.0,2,2,571.21,26,285.605,2,31,1,1
12630.0,13,1,701.79,35,701.79,1,0,1,1
12631.0,26,1,640.5,31,640.5,1,0,1,0
12633.0,28,4,2163.98,73,540.995,4,229,1,0
12635.0,59,2,1689.18,96,844.59,2,65,0,0
12637.0,36,8,6021.9,205,752.7375,7,256,0,0
12638.0,2,1,671.69,39,671.69,1,0,1,0
12639.0,208,1,486.1,22,486.1,1,0,0,0
12640.0,51,1,764.59,42,764.59,1,0,0,1
12641.0,84,1,185.9,10,185.9,1,0,0,0
12642.0,20,2,658.41,31,329.205,2,57,1,1
12643.0,97,6,3344.64,11,557.4399999999999,5,204,0,0
12644.0,99,1,477.91,31,477.91,1,0,0,0
12645.0,3,4,1775.18,58,443.795,4,282,1,0
12646.0,18,1,731.6899999999999,24,731.6899999999999,1,0,1,1
12647.0,47,11,3401.67,78,309.2427272727273,10,291,0,1
12648.0,124,1,318.05,21,318.05,1,0,0,0
12649.0,76,3,623.51,28,207.83666666666667,2,105,0,0
12651.0,304,1,114.0,9,114.0,1,0,0,0
12652.0,300,1,919.98,48,919.98,1,0,0,0
12653.0,118,2,2209.85,37,1104.925,2,147,0,0
12654.0,6,4,508.98,28,127.245,3,258,1,1
12656.0,42,4,3465.42,71,866.355,4,161,0,1
12657.0,11,2,660.94,29,330.47,2,36,1,1
12662.0,22,8,3175.28,106,396.91,8,320,1,1
12664.0,5,7,3681.88,10,525.9828571428571,7,286,2,1
12665.0,294,1,63.0,3,63.0,1,0,0,0
12667.0,27,1,620.13,33,620.13,1,0,1,0
12668.0,228,3,2924.4700000000003,104,974.8233333333334,3,96,0,1
12669.0,120,3,2744.0299999999997,98,914.6766666666666,3,105,0,0
12670.0,68,3,1634.47,40,544.8233333333334,3,133,0,1
12672.0,299,1,225.89999999999998,10,225.89999999999998,1,0,0,0
12673.0,296,1,220.9,23,220.9,1,0,0,1
12674.0,8,4,1970.6,52,492.65,4,169,1,0
12676.0,40,5,1149.73,26,229.946,5,240,0,1
12678.0,11,12,17628.46,105,1469.0383333333332,9,311,2,0
12679.0,28,4,1113.02,43,278.255,4,225,1,0
12680.0,42,3,613.36,29,204.45333333333335,3,39,0,1
12681.0,0,19,11988.22,249,630.958947368421,18,336,3,1
12682.0,7,25,10051.6,172,402.064,22,332,2,1
12683.0,19,13,7679.09,173,590.6992307692308,10,315,1,1
12684.0,33,5,1627.24,38,325.448,5,149,0,1
12685.0,20,5,2449.96,104,489.992,5,42,2,1
12686.0,341,1,89.14,7,89.14,1,0,0,0
12688.0,83,1,4873.8099999999995,171,4873.8099999999995,1,0,0,0
12689.0,97,1,511.03,34,511.03,1,0,0,1
12690.0,175,1,389.01,16,389.01,1,0,0,0
12691.0,27,5,859.4,21,171.88,5,298,1,1
12693.0,96,4,855.91,35,213.9775,4,192,0,0
12694.0,39,2,869.67,32,434.835,2,112,0,0
12695.0,35,3,497.0,21,165.66666666666666,3,144,0,1
12697.0,100,2,733.91,27,366.955,2,37,0,1
12700.0,35,3,3625.24,167,1208.4133333333332,3,149,0,1
12701.0,49,2,797.71,50,398.855,2,162,0,0
12703.0,40,1,283.55,21,283.55,1,0,0,0
12704.0,5,5,1907.75,58,381.55,5,134,1,1
12705.0,11,6,5973.59,209,995.5983333333334,6,314,1,1
12707.0,261,1,603.42,33,603.42,1,0,0,0
12708.0,2,9,2679.91,86,297.7677777777778,9,336,1,1
12709.0,12,14,8857.42,91,632.6728571428572,14,323,2,1
12710.0,66,3,1149.02,75,383.00666666666666,3,104,0,0
12712.0,18,12,4163.4800000000005,57,346.9566666666667,12,322,1,1
12714.0,76,4,3389.7,167,847.425,4,187,0,1
12715.0,75,1,353.86,20,353.86,1,0,0,0
12716.0,102,1,677.9,45,677.9,1,0,0,1
12717.0,120,2,1030.98,49,515.49,2,94,0,0
12718.0,40,1,238.25,19,238.25,1,0,0,0
12719.0,34,1,283.6,18,283.6,1,0,0,1
12720.0,9,21,4554.16,192,216.8647619047619,18,329,2,1
12721.0,1,6,2656.13,133,442.68833333333333,6,323,1,0
12722.0,54,4,997.63,50,249.4075,4,65,0,0
12723.0,34,2,299.40999999999997,35,149.70499999999998,1,0,0,1
12724.0,51,3,823.1700000000001,41,274.39000000000004,3,250,0,1
12725.0,340,1,427.8,24,427.8,1,0,0,0
12726.0,55,6,1824.6399999999999,49,304.1066666666666,6,271,0,1
12727.0,64,6,3337.7,91,556.2833333333333,5,224,0,1
12728.0,40,4,836.33,38,209.0825,4,261,0,0
12729.0,83,1,453.01,26,453.01,1,0,0,0
12731.0,20,11,17398.39,107,1581.671818181818,10,313,1,1
12732.0,149,1,236.26000000000002,12,236.26000000000002,1,0,0,0
12733.0,203,1,383.95,22,383.95,1,0,0,0
12734.0,322,1,110.39999999999999,4,110.39999999999999,1,0,0,0
12735.0,284,2,779.5699999999999,38,389.78499999999997,2,21,0,0
12736.0,302,1,234.0,4,234.0,1,0,0,0
12738.0,341,1,155.35,11,155.35,1,0,0,0
12739.0,47,2,1013.04,38,506.52,2,20,0,0
12740.0,33,1,427.6,27,427.6,1,0,0,0
12743.0,103,2,546.43,114,273.215,1,0,0,0
12744.0,21,7,21279.29,178,3039.8985714285714,6,266,2,0
12747.0,36,9,3444.7799999999997,38,382.75333333333333,9,302,0,1
12748.0,0,164,23403.66,1459,142.70524390243904,96,342,18,1
12749.0,100,3,2755.23,113,918.41,2,82,0,1
12750.0,98,1,275.88,15,275.88,1,0,0,0
12752.0,50,1,4366.78,53,4366.78,1,0,0,0
12753.0,105,5,16620.91,114,3324.182,5,226,0,1
12754.0,205,3,3010.74,49,1003.5799999999999,3,72,0,0
12755.0,250,2,3811.95,4,1905.975,2,85,0,0
12756.0,56,1,112.07999999999998,4,112.07999999999998,1,0,0,0
12757.0,20,10,7161.6,232,716.1600000000001,6,159,1,1
12758.0,86,2,2791.59,84,1395.795,2,159,0,0
12759.0,21,3,1531.44,81,510.48,3,223,1,0
12763.0,107,2,494.08,16,247.04,2,230,0,0
12764.0,286,1,1693.88,45,1693.88,1,0,0,0
12766.0,27,6,6271.2,198,1045.2,6,308,1,1
12769.0,208,1,1143.6,32,1143.6,1,0,0,0
12770.0,180,1,1351.45,12,1351.45,1,0,0,0
12772.0,29,1,892.47,55,892.47,1,0,1,0
12775.0,159,4,1164.68,36,291.17,4,121,0,1
12778.0,32,5,663.99,35,132.798,5,249,0,1
12779.0,7,8,3981.36,88,497.67,8,333,1,0
12781.0,33,2,826.74,25,413.37,2,221,0,0
12782.0,119,4,2078.67,73,519.6675,4,207,0,1
12783.0,2,5,1825.33,63,365.066,4,42,4,1
12785.0,333,1,311.95,14,311.95,1,0,0,0
12787.0,61,2,344.65999999999997,15,172.32999999999998,2,101,0,1
12789.0,34,1,91.85,4,91.85,1,0,0,0
12790.0,161,1,324.92,21,324.92,1,0,0,0
12791.0,343,1,192.60000000000002,2,192.60000000000002,1,0,0,0
12792.0,226,1,400.53999999999996,25,400.53999999999996,1,0,0,0
12793.0,304,2,545.48,21,272.74,2,36,0,0
12794.0,22,2,860.41,43,430.205,2,45,1,0
12797.0,335,1,254.03,13,254.03,1,0,0,0
12798.0,13,2,3325.44,6,1662.72,2,126,1,1
12802.0,156,1,427.58,25,427.58,1,0,0,0
12808.0,6,3,483.65000000000003,27,161.21666666666667,3,331,1,0
12809.0,147,1,489.31,25,489.31,1,0,0,0
12811.0,230,3,514.85,27,171.61666666666667,3,23,0,0
12812.0,14,1,229.64000000000001,15,229.64000000000001,1,0,1,0
12814.0,71,1,125.92,2,125.92,1,0,0,0
12815.0,117,2,1063.46,38,531.73,2,50,0,0
12816.0,65,2,572.2,27,286.1,2,80,0,0
12817.0,250,1,166.04,4,166.04,1,0,0,0
12818.0,231,1,1542.08,14,1542.08,1,0,0,0
12820.0,13,3,731.99,47,243.99666666666667,3,282,1,1
12821.0,183,1,92.72,6,92.72,1,0,0,0
12822.0,40,2,948.88,41,474.44,2,16,0,0
12823.0,44,5,1759.5,1,351.9,5,221,0,0
12824.0,29,1,397.12,25,397.12,1,0,1,0
12826.0,41,5,1052.6200000000001,54,210.52400000000003,5,293,0,1
12827.0,2,2,318.7,17,159.35,2,11,2,1
12828.0,35,4,661.3100000000001,36,165.32750000000001,4,64,0,1
12829.0,306,2,293.0,9,146.5,2,23,0,0
12830.0,7,6,6814.64,13,1135.7733333333333,5,134,1,0
12831.0,231,1,215.05,9,215.05,1,0,0,0
12832.0,1,2,383.03,27,191.515,2,65,1,0
12833.0,114,1,417.38,24,417.38,1,0,0,0
12834.0,252,1,312.38,18,312.38,1,0,0,0
12836.0,28,4,2612.86,148,653.215,4,252,1,0
12837.0,142,1,134.1,12,134.1,1,0,0,0
12838.0,3,2,683.13,115,341.565,2,340,1,0
12839.0,12,11,3763.85,80,342.16818181818184,11,323,1,1
12840.0,113,4,2726.77,67,681.6925,4,82,0,0
12841.0,13,21,3581.9,200,170.56666666666666,21,328,2,1
12842.0,39,2,1118.99,34,559.495,2,238,0,0
12843.0,35,8,1702.26,69,212.7825,8,198,0,0
12844.0,99,1,174.88,27,174.88,1,0,0,1
12845.0,236,4,354.09,26,88.5225,4,22,0,0
12849.0,0,2,1050.8899999999999,47,525.4449999999999,2,237,1,0
12851.0,66,1,135.18,43,135.18,1,0,0,0
12852.0,264,1,311.55,17,311.55,1,0,0,0
12853.0,104,6,1957.1000000000001,66,326.18333333333334,3,181,0,0
12854.0,48,3,1324.5,95,441.5,3,239,0,0
12855.0,342,1,38.1,3,38.1,1,0,0,0
12856.0,8,3,1353.32,129,451.1066666666666,3,24,2,1
12857.0,180,2,1106.4,37,553.2,2,91,0,0
12863.0,21,1,521.2,5,521.2,1,0,1,0
12864.0,107,1,147.12,3,147.12,1,0,0,0
12865.0,93,1,981.38,58,981.38,1,0,0,1
12866.0,252,1,559.12,26,559.12,1,0,0,0
12867.0,65,6,3025.74,206,504.28999999999996,6,263,0,1
12868.0,155,6,1607.0600000000002,72,267.84333333333336,6,187,0,0
12871.0,53,2,380.64,8,190.32,2,123,0,0
12872.0,296,2,599.97,58,299.985,2,38,0,0
12873.0,251,1,374.0,4,374.0,1,0,0,0
12875.0,112,2,343.2300000000001,1,171.61500000000004,2,219,0,0
12876.0,27,2,2218.02,67,1109.01,2,138,1,0
12877.0,47,10,1160.3700000000001,44,116.037,10,280,0,1
12878.0,205,2,854.99,38,427.495,2,29,0,0
12879.0,14,3,573.22,7,191.07333333333335,3,47,1,0
12881.0,245,1,298.0,7,298.0,1,0,0,0
12882.0,3,1,471.84000000000003,5,471.84000000000003,1,0,1,1
12883.0,58,1,291.63,19,291.63,1,0,0,1
12884.0,57,1,309.05,7,309.05,1,0,0,0
12885.0,32,3,1175.22,66,391.74,2,60,0,0
12886.0,37,2,1378.4,75,689.2,2,151,0,0
12888.0,183,2,354.12,4,177.06,2,41,0,0
12891.0,155,3,331.0,2,110.33333333333333,3,107,0,0
12893.0,0,1,188.14,27,188.14,1,0,1,0
12895.0,11,2,372.8,22,186.4,2,44,1,0
12897.0,174,2,216.5,3,108.25,2,97,0,0
12901.0,7,24,15224.23,29,634.3429166666666,20,233,4,1
12902.0,234,1,138.68,10,138.68,1,0,0,0
12904.0,141,1,244.69,32,244.69,1,0,0,1
12906.0,47,2,1936.5900000000001,47,968.2950000000001,1,0,0,1
12908.0,145,2,750.0,1,375.0,2,136,0,0
12909.0,9,5,2178.67,78,435.73400000000004,4,213,1,0
12910.0,33,6,2616.58,46,436.09666666666664,5,177,0,1
12912.0,10,1,318.06,7,318.06,1,0,1,1
12913.0,252,3,866.39,12,288.7966666666667,3,85,0,1
12915.0,118,2,363.65,19,181.825,2,223,0,0
12916.0,108,4,3006.15,53,751.5375,4,181,0,0
12917.0,97,1,594.0,2,594.0,1,0,0,0
12919.0,1,4,777.77,29,194.4425,4,138,1,1
12921.0,0,33,13533.0,229,410.09090909090907,20,342,6,1
12922.0,130,1,405.38,28,405.38,1,0,0,0
12923.0,33,1,176.97,28,176.97,1,0,0,0
12924.0,57,4,933.7,22,233.425,4,239,0,0
12925.0,44,1,368.31,23,368.31,1,0,0,1
12928.0,4,5,2062.7000000000003,59,412.5400000000001,5,323,2,0
12929.0,281,1,117.85,8,117.85,1,0,0,0
12930.0,47,2,415.8,20,207.9,2,93,0,0
12931.0,36,12,34440.06,28,2870.0049999999997,9,290,0,1
12933.0,140,2,357.49,48,178.745,2,112,0,1
12935.0,79,4,1535.34,58,383.835,4,209,0,1
12936.0,47,1,798.46,33,798.46,1,0,0,1
12937.0,40,3,826.44,42,275.48,3,196,0,1
12939.0,33,8,11581.8,21,1447.725,6,270,0,0
12940.0,24,2,913.54,87,456.77,2,33,1,0
12942.0,100,3,683.9,68,227.96666666666667,3,234,0,0
12944.0,5,2,604.51,29,302.255,2,319,1,0
12945.0,257,1,462.95,23,462.95,1,0,0,0
12947.0,113,6,1603.99,83,267.33166666666665,6,229,0,0
12948.0,13,6,1855.01,78,309.16833333333335,6,220,2,1
12949.0,0,8,4167.22,166,520.9025,5,221,1,0
12951.0,143,5,751.78,39,150.356,5,157,0,1
12952.0,12,3,1090.06,55,363.3533333333333,2,35,2,1
12955.0,7,8,3107.92,81,388.49,8,230,2,1
12956.0,275,1,108.07,19,108.07,1,0,0,0
12957.0,41,6,2640.7200000000003,146,440.12000000000006,5,267,0,1
12962.0,82,1,170.54000000000002,11,170.54000000000002,1,0,0,1
12963.0,22,3,724.93,31,241.64333333333332,3,312,1,1
12965.0,58,1,771.91,108,771.91,1,0,0,0
12967.0,327,2,1660.9,19,830.45,2,13,0,0
12968.0,81,1,135.95,5,135.95,1,0,0,0
12970.0,291,2,23.8,8,11.9,1,0,0,1
12971.0,1,73,9272.36,84,127.0186301369863,60,340,4,1
12974.0,167,1,144.8,8,144.8,1,0,0,0
12976.0,181,1,738.6,22,738.6,1,0,0,0
12977.0,125,1,39.239999999999995,9,39.239999999999995,1,0,0,0
12980.0,127,9,7374.900000000001,6,819.4333333333334,9,200,0,0
12981.0,102,1,187.18,11,187.18,1,0,0,1
12982.0,212,1,390.54,28,390.54,1,0,0,0
12987.0,43,2,558.7,27,279.35,2,124,0,0
12988.0,261,1,535.32,75,535.32,1,0,0,0
12989.0,23,12,6440.02,18,536.6683333333334,10,310,1,1
12990.0,0,3,409.5,8,136.5,3,278,1,0
12991.0,81,1,303.56,22,303.56,1,0,0,1
12993.0,90,3,372.4,23,124.13333333333333,3,177,0,1
12994.0,89,2,645.47,38,322.735,2,148,0,1
12995.0,54,1,211.32,3,211.32,1,0,0,0
12997.0,58,3,916.39,41,305.4633333333333,3,228,0,1
12999.0,165,3,455.88,25,151.96,3,49,0,0
13000.0,76,3,534.85,30,178.28333333333333,3,258,0,0
13001.0,127,11,8615.42,154,783.22,11,168,0,1
13002.0,287,1,120.94999999999999,7,120.94999999999999,1,0,0,0
13003.0,75,3,149.05,4,49.68333333333334,3,109,0,0
13004.0,5,16,4993.93,254,312.120625,15,322,1,1
13005.0,143,2,513.7,21,256.85,2,72,0,0
13006.0,25,1,81.57,4,81.57,1,0,1,0
13008.0,292,1,229.46999999999997,14,229.46999999999997,1,0,0,0
13011.0,341,1,50.550000000000004,3,50.550000000000004,1,0,0,0
13012.0,47,5,1205.8400000000001,52,241.16800000000003,5,216,0,1
13013.0,5,11,4218.1900000000005,150,383.4718181818182,10,335,1,1
13014.0,1,8,2845.48,66,355.685,8,248,2,1
13015.0,22,5,3346.28,156,669.2560000000001,4,195,1,0
13016.0,42,3,789.89,39,263.2966666666667,2,49,0,0
13018.0,0,24,6493.0,297,270.5416666666667,18,264,2,1
13021.0,7,7,1918.38,67,274.05428571428575,6,320,1,1
13023.0,33,2,689.9,36,344.95,2,65,0,0
13026.0,1,4,774.84,18,193.71,4,243,1,1
13027.0,83,6,6912.0,6,1152.0,6,240,0,0
13028.0,14,1,355.94,24,355.94,1,0,1,1
13029.0,0,3,1247.5,8,415.8333333333333,3,322,1,0
13030.0,337,1,427.74,50,427.74,1,0,0,1
13032.0,21,2,1010.18,55,505.09,2,34,1,0
13033.0,326,1,190.55,11,190.55,1,0,0,0
13034.0,24,2,642.77,37,321.385,2,314,1,0
13035.0,43,2,921.88,23,460.94,2,186,0,0
13037.0,107,3,881.07,44,293.69,3,118,0,0
13038.0,49,3,908.46,24,302.82,3,210,0,0
13040.0,2,1,303.25,21,303.25,1,0,1,1
13043.0,242,1,516.42,13,516.42,1,0,0,0
13044.0,260,1,560.47,33,560.47,1,0,0,0
13045.0,68,1,305.28000000000003,18,305.28000000000003,1,0,0,0
13046.0,0,2,629.31,33,314.655,2,235,1,0
13047.0,1,10,3237.54,106,323.754,8,342,2,0
13048.0,83,3,1375.05,69,458.34999999999997,3,213,0,1
13049.0,33,2,656.6800000000001,14,328.34000000000003,2,253,0,0
13050.0,15,15,5124.51,233,341.634,15,321,2,1
13052.0,181,1,348.15000000000003,18,348.15000000000003,1,0,0,0
13055.0,47,3,1214.41,74,404.80333333333334,2,135,0,0
13058.0,27,2,137.70000000000002,4,68.85000000000001,2,93,1,1
13059.0,219,1,183.4,8,183.4,1,0,0,0
13060.0,223,1,307.53,15,307.53,1,0,0,0
13061.0,41,1,248.61,10,248.61,1,0,0,0
13062.0,160,1,346.98,11,346.98,1,0,0,0
13064.0,57,3,842.33,37,280.7766666666667,3,239,0,1
13065.0,342,1,205.86,14,205.86,1,0,0,0
13066.0,1,1,151.81,28,151.81,1,0,1,1
13067.0,51,1,115.46000000000001,14,115.46000000000001,1,0,0,0
13068.0,289,1,165.0,1,165.0,1,0,0,1
13069.0,22,22,3999.79,256,181.80863636363637,18,316,2,1
13070.0,161,1,228.8,9,228.8,1,0,0,0
13072.0,236,1,177.15,7,177.15,1,0,0,0
13075.0,99,1,919.61,22,919.61,1,0,0,0
13077.0,259,3,577.44,61,192.48000000000002,2,76,0,1
13078.0,2,22,10197.17,94,463.50772727272727,21,334,3,1
13079.0,44,3,172.4,2,57.46666666666667,3,64,0,1
13080.0,148,1,58.08,6,58.08,1,0,0,0
13081.0,5,9,26141.46,489,2904.6066666666666,7,335,1,1
13082.0,95,9,3613.63,63,401.51444444444445,7,212,0,0
13083.0,45,1,192.39,14,192.39,1,0,0,1
13085.0,127,2,416.08000000000004,17,208.04000000000002,2,137,0,0
13089.0,1,87,50777.41,625,583.6483908045977,58,338,6,1
13090.0,0,12,7979.68,92,664.9733333333334,11,341,2,1
13092.0,40,5,477.83,19,95.566,5,288,0,0
13093.0,245,8,7832.47,97,979.05875,7,97,0,0
13094.0,49,11,1774.68,4,161.33454545454546,11,288,0,1
13095.0,40,1,74.39999999999999,6,74.39999999999999,1,0,0,0
13097.0,2,10,6010.42,214,601.042,9,327,1,0
13098.0,12,22,22761.9,150,1034.6318181818183,21,274,1,1
13099.0,68,1,207.35999999999999,1,207.35999999999999,1,0,0,0
13101.0,203,1,101.19,8,101.19,1,0,0,0
13102.0,11,21,5658.96,119,269.4742857142857,17,322,1,1
13103.0,9,1,243.94,8,243.94,1,0,1,0
13104.0,16,5,759.0,14,151.8,5,307,1,1
13106.0,102,1,76.5,1,76.5,1,0,0,0
13107.0,13,4,1531.6200000000001,54,382.90500000000003,4,289,1,0
13108.0,342,1,350.06,10,350.06,1,0,0,0
13109.0,29,2,786.54,41,393.27,2,97,1,0
13110.0,0,7,1488.67,109,212.66714285714286,6,279,2,0
13113.0,9,22,11569.800000000001,95,525.9000000000001,21,326,1,1
13115.0,26,3,1795.22,84,598.4066666666666,3,127,2,1
13116.0,107,1,501.14,30,501.14,1,0,0,0
13117.0,91,7,841.77,57,120.25285714285714,7,250,0,1
13118.0,177,3,799.7,40,266.56666666666666,3,80,0,1
13120.0,208,1,30.599999999999998,1,30.599999999999998,1,0,0,0
13121.0,238,1,283.73,50,283.73,1,0,0,0
13122.0,63,2,922.39,54,461.195,2,146,0,0
13124.0,59,3,3866.33,185,1288.7766666666666,3,269,0,0
13126.0,14,7,1730.2,97,247.17142857142858,6,321,1,1
13127.0,47,1,259.17,15,259.17,1,0,0,0
13130.0,63,1,64.0,2,64.0,1,0,0,0
13131.0,40,2,772.2,22,386.1,2,116,0,1
13132.0,231,1,77.3,3,77.3,1,0,0,0
13133.0,243,2,109.8,7,54.9,2,30,0,0
13134.0,55,4,1793.58,94,448.395,4,154,0,0
13135.0,166,1,3096.0,1,3096.0,1,0,0,0
13136.0,25,5,2607.61,94,521.522,4,156,1,0
13137.0,10,6,2507.41,294,417.90166666666664,6,268,1,1
13138.0,16,5,831.69,29,166.33800000000002,5,325,1,1
13139.0,2,6,4711.42,129,785.2366666666667,5,226,2,1
13140.0,77,3,423.72,40,141.24,3,258,0,0
13141.0,54,5,2388.75,113,477.75,4,230,0,0
13144.0,302,1,110.95,3,110.95,1,0,0,0
13145.0,9,4,618.52,5,154.63,4,332,1,0
13147.0,0,3,475.20000000000005,1,158.4,3,68,2,1
13148.0,103,10,2789.87,173,278.98699999999997,6,230,0,1
13149.0,75,3,1132.62,58,377.53999999999996,3,182,0,1
13151.0,265,1,1257.8700000000001,73,1257.8700000000001,1,0,0,0
13155.0,2,4,971.76,67,242.94,4,335,1,0
13157.0,18,4,1741.22,69,435.305,4,248,1,0
13158.0,64,4,1201.06,59,300.265,4,224,0,0
13159.0,19,3,1155.29,95,385.09666666666664,3,65,1,1
13161.0,282,1,112.75,8,112.75,1,0,0,0
13162.0,91,4,1688.29,74,422.0725,4,212,0,0
13165.0,15,2,1021.48,40,510.74,2,305,1,0
13166.0,252,1,417.2,39,417.2,1,0,0,0
13167.0,36,3,659.67,42,219.89,3,76,0,1
13168.0,5,4,1319.19,102,329.7975,4,281,1,0
13169.0,33,2,712.88,11,356.44,2,188,0,0
13171.0,18,2,272.89,35,136.445,2,250,1,1
13173.0,336,1,165.94,23,165.94,1,0,0,1
13174.0,285,2,2108.27,178,1054.135,2,52,0,1
13176.0,15,1,492.84,66,492.84,1,0,1,0
13177.0,34,1,282.45,17,282.45,1,0,0,0
13178.0,5,10,5418.99,86,541.899,10,324,1,1
13182.0,14,1,121.18,11,121.18,1,0,1,0
13183.0,6,8,3528.7200000000003,51,441.09000000000003,8,297,1,1
13184.0,100,9,1504.44,122,167.16,8,159,0,1
13185.0,237,1,71.4,1,71.4,1,0,0,0
13186.0,9,3,1575.89,69,525.2966666666667,3,89,1,0
13187.0,306,1,236.02,37,236.02,1,0,0,0
13189.0,84,1,127.0,18,127.0,1,0,0,1
13192.0,64,2,911.94,57,455.97,2,109,0,0
13193.0,30,1,117.88,22,117.88,1,0,0,0
13194.0,105,1,60.7,3,60.7,1,0,0,0
13196.0,54,2,1586.95,86,793.475,2,177,0,1
13198.0,90,5,3009.18,182,601.836,5,241,0,1
13199.0,1,29,7686.38,42,265.04758620689654,25,335,5,1
13200.0,43,2,627.01,34,313.505,2,51,0,1
13203.0,8,3,706.24,45,235.41333333333333,3,202,1,1
13207.0,120,1,197.52000000000004,5,197.52000000000004,1,0,0,1
13208.0,28,6,1223.9,124,203.98333333333335,6,250,2,0
13209.0,98,5,4156.08,200,831.216,5,233,0,1
13210.0,63,1,353.48,22,353.48,1,0,0,0
13211.0,64,2,886.64,43,443.32,2,266,0,1
13212.0,30,2,291.47,55,145.735,1,0,0,1
13213.0,26,5,1520.58,82,304.116,4,142,1,0
13216.0,237,1,333.74,5,333.74,1,0,0,0
13217.0,91,3,533.98,3,177.99333333333334,3,34,0,0
13218.0,96,1,62.63999999999999,5,62.63999999999999,1,0,0,0
13220.0,47,4,819.2900000000001,18,204.82250000000002,4,158,0,0
13221.0,209,2,847.41,62,423.705,2,119,0,0
13223.0,169,2,163.20000000000002,5,81.60000000000001,2,31,0,0
13224.0,29,2,2155.95,101,1077.975,2,91,1,0
13225.0,29,6,5100.64,16,850.1066666666667,6,301,1,1
13226.0,242,1,108.21000000000001,16,108.21000000000001,1,0,0,0
13227.0,171,1,257.7,9,257.7,1,0,0,0
13228.0,50,1,358.0,2,358.0,1,0,0,0
13229.0,195,1,160.95,10,160.95,1,0,0,0
13230.0,107,12,2234.18,302,186.18166666666664,11,226,0,1
13232.0,67,5,1048.3,129,209.66,5,144,0,1
13233.0,43,2,605.12,43,302.56,2,261,0,0
13235.0,181,1,1031.07,53,1031.07,1,0,0,0
13236.0,76,1,439.23,21,439.23,1,0,0,1
13238.0,133,2,318.85,14,159.425,2,196,0,1
13239.0,231,1,329.56,22,329.56,1,0,0,0
13240.0,65,4,663.65,59,165.9125,4,269,0,0
13242.0,81,3,270.40000000000003,12,90.13333333333334,2,101,0,0
13243.0,172,1,600.07,56,600.07,1,0,0,0
13244.0,62,1,121.74000000000001,27,121.74000000000001,1,0,0,0
13245.0,20,1,430.5,16,430.5,1,0,1,0
13246.0,145,5,1860.99,89,372.198,5,153,0,1
13247.0,20,2,390.87,17,195.435,2,31,1,1
13248.0,94,2,465.68,25,232.84,2,64,0,0
13249.0,61,3,711.41,21,237.13666666666666,3,168,0,0
13253.0,126,2,1030.4,35,515.2,2,182,0,0
13255.0,343,1,225.7,6,225.7,1,0,0,1
13258.0,174,1,224.62,12,224.62,1,0,0,1
13259.0,31,1,292.32,77,292.32,1,0,0,0
13260.0,30,1,557.62,8,557.62,1,0,0,0
13261.0,238,2,944.1,8,472.05,2,17,0,0
13262.0,232,1,200.29,11,200.29,1,0,0,0
13263.0,12,31,6584.14,423,212.39161290322582,29,281,5,1
13265.0,22,5,2107.66,66,421.532,5,220,1,0
13266.0,12,10,3223.69,73,322.369,10,213,1,1
13267.0,5,16,3487.03,84,217.939375,11,330,1,1
13268.0,8,8,2882.23,246,360.27875,8,228,1,1
13269.0,35,11,3917.85,161,356.16818181818184,10,303,0,1
13270.0,335,1,590.0,1,590.0,1,0,0,0
13271.0,6,1,217.38,79,217.38,1,0,1,0
13272.0,0,2,276.56,15,138.28,2,58,1,0
13273.0,82,1,138.98,16,138.98,1,0,0,0
13276.0,33,2,590.9300000000001,30,295.46500000000003,2,36,0,0
13277.0,85,2,125.9,4,62.95,2,17,0,1
13278.0,10,1,542.73,46,542.73,1,0,1,0
13279.0,47,1,137.75,9,137.75,1,0,0,0
13280.0,91,3,814.86,67,271.62,3,214,0,0
13282.0,131,2,773.1,15,386.55,2,58,0,1
13283.0,29,2,93.66,7,46.83,2,125,1,0
13284.0,300,1,201.19,13,201.19,1,0,0,0
13285.0,130,3,1970.1,122,656.6999999999999,3,128,0,1
13291.0,125,1,361.11,41,361.11,1,0,0,0
13292.0,8,2,578.9399999999999,29,289.46999999999997,2,245,1,0
13294.0,159,2,873.74,48,436.87,2,59,0,0
13295.0,329,1,201.20000000000002,10,201.20000000000002,1,0,0,0
13296.0,106,1,87.4,5,87.4,1,0,0,0
13297.0,36,1,1315.3799999999999,38,1315.3799999999999,1,0,0,1
13299.0,237,1,142.5,5,142.5,1,0,0,0
13300.0,138,1,371.89,20,371.89,1,0,0,0
13301.0,73,4,618.09,75,154.5225,4,188,0,0
13302.0,124,1,63.75,1,63.75,1,0,0,0
13304.0,320,1,300.42,21,300.42,1,0,0,0
13305.0,62,8,1471.25,37,183.90625,8,279,0,1
13307.0,89,1,15.0,1,15.0,1,0,0,0
13308.0,21,2,1099.63,36,549.815,2,151,1,1
13309.0,14,4,1221.91,77,305.4775,4,263,1,1
13310.0,175,2,817.65,50,408.825,2,117,0,1
13311.0,119,1,490.11,24,490.11,1,0,0,1
13313.0,5,4,1242.64,44,310.66,4,304,1,1
13314.0,32,2,589.47,40,294.735,2,10,0,1
13316.0,6,4,5977.7300000000005,66,1494.4325000000001,4,217,1,0
13317.0,35,6,2273.68,100,378.94666666666666,4,292,0,0
13318.0,6,1,302.96,13,302.96,1,0,1,1
13319.0,36,21,8248.58,179,392.7895238095238,14,298,0,1
13320.0,47,4,1548.7,77,387.175,3,135,0,0
13321.0,41,2,567.36,10,283.68,2,14,0,0
13323.0,1,2,218.0,5,109.0,2,52,1,1
13324.0,5,10,7121.95,25,712.1949999999999,6,324,1,0
13325.0,51,1,675.3,12,675.3,1,0,0,0
13327.0,8,8,3627.77,74,453.47125,7,326,1,0
13328.0,285,1,1308.48,17,1308.48,1,0,0,0
13329.0,1,2,789.0,16,394.5,2,335,1,0
13330.0,62,3,1140.93,37,380.31,3,223,0,0
13334.0,51,3,3536.82,207,1178.94,3,223,0,0
13336.0,46,1,795.12,51,795.12,1,0,0,0
13338.0,127,1,487.02,19,487.02,1,0,0,0
13339.0,170,1,860.12,54,860.12,1,0,0,0
13340.0,14,7,10736.48,128,1533.782857142857,5,231,2,0
13341.0,230,1,775.85,42,775.85,1,0,0,0
13343.0,147,1,353.43,19,353.43,1,0,0,0
13344.0,37,3,2543.72,115,847.9066666666666,2,209,0,0
13345.0,257,1,389.5,20,389.5,1,0,0,0
13347.0,39,1,341.36,8,341.36,1,0,0,0
13348.0,33,1,233.76,14,233.76,1,0,0,0
13350.0,48,1,646.57,32,646.57,1,0,0,1
13351.0,35,1,373.94,16,373.94,1,0,0,0
13352.0,29,1,397.97999999999996,24,397.97999999999996,1,0,1,0
13354.0,40,1,743.53,51,743.53,1,0,0,0
13355.0,91,1,674.7,32,674.7,1,0,0,0
13356.0,49,1,768.24,42,768.24,1,0,0,0
13357.0,226,1,609.95,85,609.95,1,0,0,0
13358.0,238,1,439.03,29,439.03,1,0,0,0
13359.0,33,1,439.56,23,439.56,1,0,0,0
13362.0,22,3,2337.64,112,779.2133333333333,3,234,1,1
13363.0,13,1,603.82,39,603.82,1,0,1,1
13364.0,40,1,134.95999999999998,10,134.95999999999998,1,0,0,0
13365.0,3,2,2225.37,122,1112.685,2,184,1,0
13366.0,19,1,56.160000000000004,1,56.160000000000004,1,0,1,0
13368.0,226,2,623.4,29,311.7,2,80,0,0
13369.0,335,1,308.28000000000003,14,308.28000000000003,1,0,0,0
13370.0,341,1,754.87,39,754.87,1,0,0,0
13372.0,59,1,378.64,23,378.64,1,0,0,0
13373.0,30,3,3312.25,135,1104.0833333333333,3,215,0,0
13375.0,58,1,778.65,37,778.65,1,0,0,0
13376.0,68,3,1019.76,45,339.92,3,135,0,0
13379.0,37,2,435.82,57,217.91,2,68,0,1
13381.0,1,6,3639.31,77,606.5516666666666,6,267,1,0
13382.0,250,1,222.99,15,222.99,1,0,0,0
13384.0,0,7,4151.93,123,593.1328571428572,6,147,2,0
13385.0,299,1,534.57,35,534.57,1,0,0,0
13388.0,100,2,677.1,35,338.55,1,0,0,0
13389.0,44,2,580.15,38,290.075,2,157,0,1
13390.0,44,1,544.08,13,544.08,1,0,0,0
13391.0,173,1,59.8,1,59.8,1,0,0,0
13394.0,23,7,2217.92,118,316.8457142857143,7,255,1,1
13395.0,154,1,307.72,21,307.72,1,0,0,0
13396.0,288,1,387.27000000000004,15,387.27000000000004,1,0,0,1
13397.0,42,5,1544.13,28,308.826,5,266,0,0
13398.0,161,1,457.34,26,457.34,1,0,0,0
13402.0,96,2,621.23,32,310.615,2,244,0,0
13404.0,182,1,217.81,9,217.81,1,0,0,1
13405.0,43,3,572.451,25,190.817,3,243,0,0
13408.0,0,54,23741.18,220,439.6514814814815,34,343,6,1
13410.0,44,4,728.66,14,182.165,4,216,0,1
13411.0,76,1,213.55,17,213.55,1,0,0,0
13414.0,103,3,1390.5,23,463.5,3,162,0,0
13416.0,13,2,712.5,11,356.25,2,37,1,0
13417.0,174,1,236.0,10,236.0,1,0,0,1
13418.0,30,17,5438.81,215,319.93,12,312,0,1
13419.0,33,1,221.06,16,221.06,1,0,0,0
13420.0,119,2,159.85,8,79.925,2,20,0,0
13421.0,9,2,1851.08,88,925.54,2,249,1,0
13422.0,33,1,2626.3,127,2626.3,1,0,0,0
13425.0,77,3,1624.21,66,541.4033333333333,3,186,0,0
13426.0,33,7,2708.11,85,386.8728571428572,7,295,0,1
13427.0,89,2,464.86,19,232.43,2,94,0,1
13429.0,19,3,693.0,38,231.0,3,25,2,1
13430.0,55,1,336.31,29,336.31,1,0,0,1
13431.0,36,2,1269.1,44,634.55,2,21,0,0
13434.0,43,2,534.24,9,267.12,2,22,0,0
13435.0,13,5,2531.62,53,506.32399999999996,5,144,1,1
13437.0,0,5,2595.64,132,519.1279999999999,5,158,1,1
13439.0,224,1,283.71,54,283.71,1,0,0,0
13441.0,61,1,296.64,13,296.64,1,0,0,0
13447.0,3,2,654.01,38,327.005,2,2,2,1
13448.0,49,5,2489.05,130,497.81000000000006,4,293,0,1
13450.0,58,5,1727.28,31,345.456,5,128,0,1
13451.0,95,4,2463.39,284,615.8475,4,208,0,1
13452.0,228,2,590.0,1,295.0,2,11,0,0
13453.0,135,2,356.97999999999996,16,178.48999999999998,2,123,0,0
13455.0,335,1,692.94,30,692.94,1,0,0,1
13456.0,32,4,1309.8200000000002,39,327.45500000000004,4,143,0,1
13458.0,13,12,8672.64,223,722.7199999999999,12,315,1,1
13460.0,19,1,107.46000000000001,11,107.46000000000001,1,0,1,1
13461.0,8,3,1445.0,14,481.6666666666667,3,124,1,0
13462.0,222,1,151.5,9,151.5,1,0,0,0
13464.0,27,1,674.68,41,674.68,1,0,1,0
13466.0,153,1,307.9,17,307.9,1,0,0,0
13467.0,5,1,782.46,71,782.46,1,0,1,1
13468.0,8,33,5163.22,170,156.46121212121213,32,334,2,1
13470.0,68,2,165.0,7,82.5,2,15,0,0
13471.0,16,1,941.67,81,941.67,1,0,1,1
13473.0,30,2,422.64,21,211.32,2,272,0,0
13474.0,205,1,229.59,59,229.59,1,0,0,0
13475.0,160,4,1431.78,64,357.945,4,107,0,0
13476.0,148,2,1238.47,56,619.235,2,102,0,0
13477.0,7,6,1454.58,57,242.42999999999998,6,253,2,0
13479.0,170,2,300.95,14,150.475,2,33,0,0
13481.0,15,5,1804.56,98,360.912,4,211,1,0
13482.0,201,1,184.64,11,184.64,1,0,0,0
13483.0,35,1,140.34,10,140.34,1,0,0,0
13484.0,210,1,313.8,8,313.8,1,0,0,0
13485.0,202,1,454.24,23,454.24,1,0,0,0
13486.0,47,3,1122.41,69,374.1366666666667,3,76,0,0
13487.0,27,3,575.4,26,191.79999999999998,3,295,1,0
13488.0,12,12,8246.17,262,687.1808333333333,11,324,1,1
13489.0,74,4,449.52,11,112.38,4,189,0,0
13491.0,21,10,1215.82,73,121.582,10,320,1,0
13492.0,105,3,1269.84,38,423.28,3,78,0,0
13493.0,244,2,618.63,6,309.315,2,11,0,0
13494.0,281,1,316.26000000000005,18,316.26000000000005,1,0,0,0
13495.0,5,4,1732.23,32,433.0575,4,332,1,1
13496.0,329,1,501.01,26,501.01,1,0,0,1
13497.0,252,2,348.05,19,174.025,2,85,0,0
13499.0,43,3,613.85,24,204.61666666666667,3,196,0,1
13500.0,5,2,668.8,35,334.4,2,86,1,1
13501.0,257,1,1340.32,52,1340.32,1,0,0,0
13502.0,244,2,189.16,9,94.58,2,48,0,1
13503.0,40,1,216.85,17,216.85,1,0,0,0
13504.0,33,1,295.93,22,295.93,1,0,0,0
13505.0,42,4,4393.63,182,1098.4075,4,159,0,0
13506.0,285,2,458.52,26,229.26,2,53,0,0
13507.0,67,3,2022.79,123,674.2633333333333,3,47,0,1
13508.0,213,1,110.97,12,110.97,1,0,0,0
13509.0,22,6,881.62,24,146.93666666666667,6,231,1,1
13510.0,14,3,1449.7,77,483.23333333333335,3,138,1,1
13512.0,230,1,251.21,15,251.21,1,0,0,0
13513.0,96,1,205.1,10,205.1,1,0,0,0
13514.0,43,1,152.20000000000002,4,152.20000000000002,1,0,0,0
13515.0,42,4,891.12,50,222.78,4,175,0,0
13516.0,42,2,620.41,37,310.205,2,166,0,1
13517.0,29,3,2128.42,125,709.4733333333334,3,120,1,0
13518.0,55,1,659.4399999999999,36,659.4399999999999,1,0,0,0
13519.0,47,1,122.75,8,122.75,1,0,0,0
13520.0,28,6,3624.35,49,604.0583333333333,6,312,1,0
13523.0,2,5,3964.88,157,792.976,4,333,2,0
13524.0,10,5,680.1800000000001,17,136.036,5,179,1,0
13525.0,217,1,282.88,2,282.88,1,0,0,1
13527.0,3,7,2287.51,153,326.7871428571429,6,293,1,0
13529.0,48,2,307.76,15,153.88,2,125,0,0
13531.0,174,2,483.8,17,241.9,2,161,0,0
13532.0,3,1,210.31,66,210.31,1,0,1,0
13533.0,152,3,270.79,61,90.26333333333334,2,84,0,0
13534.0,2,24,5512.88,118,229.70333333333335,17,325,3,1
13536.0,22,2,824.91,30,412.455,2,22,1,1
13538.0,12,7,1280.85,10,182.97857142857143,7,272,1,0
13539.0,55,3,631.34,35,210.4466666666667,3,223,0,0
13544.0,9,2,291.41,76,145.705,2,200,1,0
13546.0,22,2,418.28,50,209.14,2,147,1,1
13548.0,65,2,682.41,114,341.205,2,147,0,0
13549.0,33,6,832.2,36,138.70000000000002,6,178,0,1
13551.0,288,1,91.80000000000001,4,91.80000000000001,1,0,0,0
13552.0,35,12,3740.07,82,311.6725,8,249,0,0
13555.0,43,4,4149.28,128,1037.32,2,128,0,0
13557.0,250,1,240.68,16,240.68,1,0,0,1
13558.0,31,2,323.25,72,161.625,2,6,0,1
13561.0,185,1,141.85999999999999,14,141.85999999999999,1,0,0,0
13562.0,51,3,1799.33,50,599.7766666666666,3,163,0,0
13563.0,53,2,777.53,49,388.765,2,55,0,0
13564.0,113,3,1749.02,68,583.0066666666667,3,223,0,0
13565.0,303,1,110.17999999999999,13,110.17999999999999,1,0,0,1
13566.0,10,2,874.71,134,437.355,2,41,1,0
13568.0,142,1,192.85,41,192.85,1,0,0,0
13569.0,337,1,118.32,23,118.32,1,0,0,1
13570.0,212,1,239.49,27,239.49,1,0,0,0
13571.0,7,10,1639.56,142,163.956,10,215,2,1
13572.0,175,1,1384.25,32,1384.25,1,0,0,0
13573.0,19,2,294.4,24,147.2,2,202,1,0
13575.0,28,4,624.62,38,156.155,4,117,1,1
13576.0,21,15,5627.27,60,375.15133333333335,15,321,1,1
13577.0,62,3,1193.8,49,397.93333333333334,3,149,0,1
13579.0,338,1,164.70000000000002,9,164.70000000000002,1,0,0,1
13581.0,278,1,118.0,10,118.0,1,0,0,0
13583.0,125,1,781.03,53,781.03,1,0,0,0
13584.0,276,1,142.4,24,142.4,1,0,0,0
13587.0,33,1,712.4,8,712.4,1,0,0,0
13588.0,0,7,2253.32,125,321.90285714285716,7,224,2,1
13589.0,149,1,147.0,9,147.0,1,0,0,1
13590.0,21,5,1668.78,60,333.756,5,251,1,1
13591.0,34,3,1117.13,56,372.3766666666667,3,202,0,0
13592.0,5,4,247.95999999999998,15,61.989999999999995,4,228,1,0
13593.0,77,5,2037.0800000000002,77,407.41600000000005,5,227,0,0
13594.0,22,1,396.97,26,396.97,1,0,1,0
13598.0,16,1,180.17000000000002,33,180.17000000000002,1,0,1,0
13599.0,1,12,3855.09,151,321.2575,9,334,2,1
13600.0,281,1,219.52,19,219.52,1,0,0,0
13601.0,14,2,693.32,90,346.66,2,166,1,0
13602.0,34,1,428.89,23,428.89,1,0,0,0
13606.0,212,2,250.42,37,125.21,2,68,0,1
13607.0,9,1,678.01,93,678.01,1,0,1,0
13610.0,23,6,1013.64,159,168.94,6,231,1,1
13611.0,58,3,1171.8,67,390.59999999999997,3,270,0,0
13614.0,58,3,1097.13,96,365.71000000000004,3,241,0,1
13615.0,288,1,417.69,23,417.69,1,0,0,0
13617.0,9,3,544.18,31,181.39333333333332,3,140,1,0
13618.0,143,1,177.34,13,177.34,1,0,0,0
13621.0,86,1,213.85,19,213.85,1,0,0,0
13623.0,0,5,747.78,75,149.55599999999998,5,266,1,0
13626.0,222,1,257.23,19,257.23,1,0,0,0
13627.0,28,5,1638.47,84,327.694,5,298,1,0
13629.0,0,10,7076.36,27,707.636,10,307,1,1
13630.0,45,6,1799.78,50,299.9633333333333,6,209,0,1
13631.0,69,11,3070.42,6,279.1290909090909,7,167,0,0
13632.0,12,4,1669.13,110,417.2825,4,200,1,1
13634.0,2,5,1575.16,156,315.03200000000004,5,293,1,0
13635.0,37,1,1071.03,62,1071.03,1,0,0,0
13636.0,6,5,949.12,57,189.824,5,248,1,0
13637.0,21,3,810.5,79,270.1666666666667,3,174,1,0
13639.0,43,1,1033.34,39,1033.34,1,0,0,0
13642.0,185,1,354.8,57,354.8,1,0,0,0
13643.0,0,3,519.44,24,173.14666666666668,3,154,1,0
13644.0,14,3,1845.3400000000001,108,615.1133333333333,3,60,1,1
13645.0,89,1,252.1,5,252.1,1,0,0,0
13647.0,40,3,1275.9,53,425.3,3,163,0,1
13649.0,226,2,346.6,23,173.3,2,109,0,0
13650.0,36,5,1538.1000000000001,72,307.62,4,200,0,1
13651.0,4,2,94.2,6,47.1,2,4,2,0
13652.0,15,3,1095.08,48,365.02666666666664,3,322,1,0
13654.0,12,6,2707.33,157,451.22166666666664,5,230,2,0
13655.0,83,2,932.97,52,466.485,2,127,0,0
13656.0,134,2,379.65,49,189.825,2,172,0,0
13657.0,171,1,152.34,9,152.34,1,0,0,1
13658.0,54,3,2096.77,76,698.9233333333333,2,118,0,1
13659.0,175,2,1573.2,92,786.6,2,115,0,0
13662.0,55,3,897.76,50,299.25333333333333,3,173,0,0
13663.0,148,1,189.47,13,189.47,1,0,0,0
13666.0,29,3,84.65,12,28.21666666666667,2,227,1,0
13667.0,118,1,305.02,82,305.02,1,0,0,0
13668.0,1,18,5274.7300000000005,233,293.04055555555556,18,331,2,1
13669.0,20,2,218.55,9,109.275,2,98,1,0
13670.0,44,1,349.7,25,349.7,1,0,0,0
13672.0,270,2,186.39000000000001,4,93.19500000000001,2,30,0,0
13673.0,1,1,213.6,34,213.6,1,0,1,1
13675.0,120,2,486.82000000000005,25,243.41000000000003,2,133,0,0
13678.0,121,1,232.6,16,232.6,1,0,0,0
13680.0,8,3,3084.04,121,1028.0133333333333,3,299,1,1
13681.0,38,2,531.08,29,265.54,2,86,0,1
13682.0,156,1,59.5,3,59.5,1,0,0,0
13684.0,255,1,67.23,29,67.23,1,0,0,0
13685.0,14,3,1934.45,16,644.8166666666667,3,15,3,1
13686.0,152,1,72.0,8,72.0,1,0,0,0
13689.0,32,1,910.0,6,910.0,1,0,0,0
13690.0,28,1,172.25,9,172.25,1,0,1,0
13692.0,183,2,871.58,32,435.79,2,22,0,1
13694.0,12,45,57069.24,343,1268.2053333333333,33,331,3,1
13695.0,0,15,2504.13,46,166.942,14,228,1,0
13697.0,8,1,151.29999999999998,12,151.29999999999998,1,0,1,0
13699.0,124,1,308.58000000000004,14,308.58000000000004,1,0,0,0
13700.0,21,9,1957.02,138,217.44666666666666,7,275,1,1
13703.0,287,1,99.5,1,99.5,1,0,0,0
13704.0,16,7,1906.02,102,272.2885714285714,7,41,2,1
13705.0,114,2,522.68,20,261.34,2,228,0,1
13706.0,272,1,330.79,20,330.79,1,0,0,0
13707.0,236,2,806.41,48,403.205,2,48,0,0
13708.0,240,1,296.88,49,296.88,1,0,0,0
13709.0,6,11,5799.74,229,527.2490909090909,7,278,4,1
13710.0,1,1,180.48,8,180.48,1,0,1,0
13711.0,188,2,252.06,11,126.03,1,0,0,0
13712.0,216,1,228.84,10,228.84,1,0,0,0
13715.0,250,5,1079.34,89,215.868,4,91,0,0
13716.0,238,1,138.28,21,138.28,1,0,0,0
13717.0,1,6,1445.01,92,240.835,6,266,2,0
13718.0,215,2,306.55,9,153.275,2,49,0,0
13719.0,2,4,920.02,51,230.005,4,201,2,1
13720.0,86,4,799.9,42,199.975,4,138,0,0
13721.0,5,1,524.14,28,524.14,1,0,1,0
13722.0,101,3,2375.41,75,791.8033333333333,2,151,0,0
13723.0,186,1,199.85000000000002,6,199.85000000000002,1,0,0,0
13725.0,19,8,1980.56,95,247.57,8,258,1,0
13726.0,8,2,1079.6599999999999,39,539.8299999999999,2,61,1,0
13727.0,3,1,223.08,14,223.08,1,0,1,1
13728.0,6,6,1016.14,38,169.35666666666665,6,273,1,0
13730.0,105,2,752.6,38,376.3,2,25,0,0
13731.0,188,2,610.59,36,305.295,2,27,0,0
13735.0,12,3,2401.25,142,800.4166666666666,3,191,1,1
13736.0,229,1,357.53,73,357.53,1,0,0,1
13737.0,169,1,339.59999999999997,29,339.59999999999997,1,0,0,0
13740.0,210,1,350.75,23,350.75,1,0,0,0
13741.0,41,3,668.4300000000001,34,222.81000000000003,3,145,0,0
13742.0,59,11,2791.62,164,253.78363636363636,10,230,0,1
13743.0,58,6,1065.84,8,177.64,6,170,0,1
13744.0,64,2,1156.36,54,578.18,2,197,0,0
13745.0,131,1,300.04,25,300.04,1,0,0,0
13747.0,343,1,79.6,1,79.6,1,0,0,0
13748.0,65,5,948.25,24,189.65,4,278,0,0
13750.0,23,5,1647.26,20,329.452,5,283,1,0
13751.0,257,1,296.25,9,296.25,1,0,0,0
13752.0,93,6,1186.28,64,197.71333333333334,6,122,0,0
13753.0,257,1,741.26,35,741.26,1,0,0,0
13754.0,121,2,282.59999999999997,11,141.29999999999998,2,165,0,0
13755.0,7,4,1025.41,118,256.3525,4,24,3,1
13756.0,5,10,3876.0800000000004,60,387.60800000000006,10,331,1,1
13758.0,8,6,2677.74,97,446.28999999999996,6,334,1,1
13759.0,2,2,659.4100000000001,24,329.70500000000004,2,37,1,0
13760.0,23,2,286.79,50,143.395,2,202,1,0
13761.0,19,2,1070.65,68,535.325,2,129,1,0
13762.0,188,1,306.72,7,306.72,1,0,0,0
13763.0,32,1,1714.96,15,1714.96,1,0,0,0
13764.0,40,3,1521.76,183,507.25333333333333,3,266,0,0
13767.0,30,34,13683.68,55,402.46117647058827,28,312,0,1
13769.0,6,9,2478.59,71,275.3988888888889,8,330,1,1
13771.0,33,4,2634.45,114,658.6125,3,182,0,0
13772.0,3,3,1132.13,141,377.3766666666667,3,205,1,0
13774.0,51,1,345.0,22,345.0,1,0,0,0
13777.0,27,28,16974.85,36,606.2446428571428,21,315,1,1
13778.0,72,1,178.7,9,178.7,1,0,0,0
13780.0,140,1,116.28000000000002,9,116.28000000000002,1,0,0,1
13781.0,220,1,127.84,17,127.84,1,0,0,0
13782.0,17,5,741.94,87,148.388,5,280,1,1
13784.0,27,10,2424.63,9,242.46300000000002,10,274,1,1
13786.0,336,1,230.39999999999998,7,230.39999999999998,1,0,0,0
13787.0,45,2,309.04,24,154.52,2,288,0,0
13791.0,97,2,1516.0,7,758.0,2,40,0,0
13792.0,35,2,195.55,13,97.775,2,221,0,0
13798.0,0,51,33855.44,98,663.8321568627451,47,341,4,1
13799.0,86,2,688.86,32,344.43,2,177,0,0
13800.0,279,1,558.32,33,558.32,1,0,0,0
13801.0,36,1,324.8,23,324.8,1,0,0,0
13802.0,108,3,4599.42,55,1533.14,3,172,0,0
13803.0,224,1,277.07,17,277.07,1,0,0,0
13804.0,0,7,2635.79,124,376.5414285714286,6,259,2,0
13805.0,21,2,924.6,10,462.3,2,76,1,0
13806.0,33,1,256.38,10,256.38,1,0,0,0
13807.0,336,1,112.6,7,112.6,1,0,0,0
13808.0,16,4,1518.5,59,379.625,4,50,1,1
13809.0,274,1,155.05,11,155.05,1,0,0,0
13810.0,25,2,1253.0,21,626.5,1,0,2,1
13811.0,153,3,814.5,7,271.5,3,55,0,0
13812.0,11,3,539.0,33,179.66666666666666,3,63,1,0
13813.0,9,4,1366.8600000000001,54,341.71500000000003,4,95,1,0
13814.0,61,2,1579.12,37,789.56,2,44,0,0
13815.0,141,2,2977.75,110,1488.875,2,146,0,1
13816.0,33,1,371.69,17,371.69,1,0,0,1
13817.0,321,1,128.7,9,128.7,1,0,0,1
13819.0,271,3,1140.35,26,380.1166666666666,3,18,0,0
13821.0,114,2,385.64,51,192.82,2,116,0,0
13822.0,9,1,468.38,90,468.38,1,0,1,1
13823.0,61,1,650.42,26,650.42,1,0,0,1
13824.0,2,5,1698.94,34,339.788,5,277,1,0
13826.0,145,1,189.5,10,189.5,1,0,0,0
13827.0,27,3,412.05,83,137.35,3,85,1,0
13831.0,57,5,1795.59,57,359.118,5,281,0,1
13833.0,128,1,384.8,28,384.8,1,0,0,0
13835.0,22,3,742.91,43,247.63666666666666,3,162,1,1
13837.0,181,2,271.24,17,135.62,2,105,0,0
13838.0,87,3,479.59,106,159.86333333333332,2,252,0,1
13841.0,222,1,85.0,1,85.0,1,0,0,0
13842.0,28,9,3385.62,155,376.18,9,308,1,0
13845.0,34,1,312.98,9,312.98,1,0,0,0
13846.0,211,2,663.9300000000001,43,331.96500000000003,2,117,0,1
13848.0,61,3,1255.0,3,418.3333333333333,3,273,0,0
13849.0,21,2,1537.95,97,768.975,2,119,1,0
13850.0,98,1,1595.48,93,1595.48,1,0,0,0
13851.0,65,3,2651.46,77,883.82,3,192,0,0
13853.0,26,1,1090.14,23,1090.14,1,0,1,0
13854.0,6,23,7497.2,37,325.96521739130435,23,328,1,1
13856.0,138,3,388.5,10,129.5,3,34,0,0
13858.0,26,1,216.17,11,216.17,1,0,1,0
13859.0,295,1,201.16,27,201.16,1,0,0,0
13860.0,21,3,617.8100000000001,36,205.9366666666667,2,34,2,1
13862.0,42,7,2089.7,93,298.5285714285714,7,259,0,1
13863.0,217,1,305.78,20,305.78,1,0,0,0
13865.0,27,4,501.56,26,125.39,4,231,1,0
13866.0,43,1,145.67000000000002,7,145.67000000000002,1,0,0,0
13867.0,0,3,1015.29,51,338.43,3,186,1,0
13868.0,8,1,507.54,32,507.54,1,0,1,1
13869.0,92,4,3104.95,234,776.2375,4,233,0,0
13870.0,9,7,2618.19,89,374.02714285714285,5,247,2,1
13871.0,14,12,5870.49,155,489.2075,11,263,3,1
13873.0,89,3,389.6,21,129.86666666666667,3,190,0,0
13874.0,327,1,540.45,18,540.45,1,0,0,0
13875.0,23,5,1786.79,79,357.358,5,247,1,0
13876.0,33,1,122.7,7,122.7,1,0,0,0
13877.0,55,1,117.24,3,117.24,1,0,0,0
13878.0,24,1,1281.53,35,1281.53,1,0,1,0
13880.0,21,12,2823.12,111,235.26,9,314,1,1
13881.0,8,15,13361.84,71,890.7893333333334,12,273,2,1
13882.0,12,2,683.31,32,341.655,2,20,1,1
13883.0,188,4,1742.78,94,435.695,2,34,0,1
13884.0,58,4,540.5,41,135.125,3,194,0,1
13885.0,158,2,506.8,28,253.4,2,11,0,0
13886.0,40,1,243.56,16,243.56,1,0,0,0
13887.0,173,1,349.55,19,349.55,1,0,0,0
13888.0,89,2,605.63,38,302.815,2,98,0,0
13889.0,62,1,416.90000000000003,15,416.90000000000003,1,0,0,0
13890.0,2,5,1001.91,48,200.382,5,326,3,1
13892.0,22,3,571.77,26,190.59,3,193,1,1
13893.0,267,1,821.1,21,821.1,1,0,0,0
13894.0,279,1,160.85,10,160.85,1,0,0,1
13895.0,36,3,1911.1100000000001,67,637.0366666666667,3,98,0,1
13897.0,19,1,311.16,17,311.16,1,0,1,0
13898.0,295,1,155.93,12,155.93,1,0,0,0
13899.0,244,1,298.5,15,298.5,1,0,0,1
13900.0,152,3,740.95,42,246.98333333333335,3,79,0,0
13901.0,41,5,2867.2,144,573.4399999999999,5,246,0,0
13904.0,6,2,332.64,24,166.32,2,257,1,0
13908.0,49,4,2369.55,104,592.3875,4,196,0,0
13911.0,26,9,2580.91,120,286.7677777777778,9,251,1,0
13914.0,5,1,321.07,16,321.07,1,0,1,1
13917.0,19,2,272.04,16,136.02,2,141,1,0
13918.0,19,2,1212.8400000000001,30,606.4200000000001,2,203,1,0
13919.0,28,2,384.81,24,192.405,2,62,1,0
13922.0,321,1,172.25,7,172.25,1,0,0,0
13923.0,23,1,351.13,20,351.13,1,0,1,0
13924.0,1,3,1161.26,56,387.08666666666664,3,40,2,1
13925.0,62,4,678.25,28,169.5625,3,42,0,0
13927.0,44,1,348.99,21,348.99,1,0,0,0
13928.0,0,3,356.67,19,118.89,3,101,1,1
13929.0,138,2,842.65,8,421.325,2,157,0,0
13930.0,27,2,337.34,15,168.67,2,78,1,0
13931.0,65,2,1237.53,56,618.765,2,185,0,0
13932.0,264,1,307.4,16,307.4,1,0,0,0
13933.0,78,2,608.7900000000001,23,304.39500000000004,2,39,0,0
13934.0,233,1,922.1,31,922.1,1,0,0,0
13936.0,149,1,376.58,26,376.58,1,0,0,0
13937.0,138,1,158.85,9,158.85,1,0,0,0
13938.0,4,1,71.66,7,71.66,1,0,1,0
13939.0,78,2,390.21,32,195.105,2,203,0,1
13940.0,33,3,616.3,36,205.4333333333333,3,80,0,1
13941.0,59,4,3859.3,23,964.825,4,283,0,1
13946.0,48,3,561.5699999999999,11,187.18999999999997,3,188,0,0
13947.0,34,1,90.6,5,90.6,1,0,0,0
13948.0,330,1,102.0,3,102.0,1,0,0,0
13949.0,9,4,1604.25,80,401.0625,4,54,1,1
13950.0,42,2,323.65999999999997,15,161.82999999999998,2,173,0,1
13951.0,145,3,674.45,38,224.8166666666667,3,118,0,0
13952.0,187,2,3251.071,120,1625.5355,2,20,0,0
13953.0,22,6,3104.36,8,517.3933333333333,6,300,1,1
13954.0,40,1,227.41,13,227.41,1,0,0,1
13955.0,123,2,322.96,33,161.48,2,151,0,0
13956.0,23,4,869.92,107,217.48,4,217,1,1
13959.0,48,3,598.2,79,199.4,3,283,0,0
13960.0,41,1,128.1,4,128.1,1,0,0,1
13962.0,215,1,117.6,7,117.6,1,0,0,1
13963.0,277,4,664.54,35,166.135,4,59,0,0
13967.0,115,1,80.7,2,80.7,1,0,0,0
13969.0,7,14,6436.88,286,459.77714285714285,13,326,3,1
13971.0,29,7,2357.56,106,336.7942857142857,7,225,1,1
13972.0,40,2,190.25,15,95.125,2,131,0,0
13973.0,256,1,264.7,11,264.7,1,0,0,0
13974.0,18,1,413.59000000000003,28,413.59000000000003,1,0,1,0
13975.0,0,6,2526.28,240,421.0466666666667,5,245,2,0
13976.0,176,1,357.98,10,357.98,1,0,0,0
13978.0,14,1,158.99,14,158.99,1,0,1,1
13979.0,42,1,869.87,54,869.87,1,0,0,0
13980.0,29,1,200.14,11,200.14,1,0,1,0
13982.0,8,4,1871.81,72,467.9525,4,326,1,0
13983.0,9,11,2474.55,91,224.95909090909092,9,327,2,1
13984.0,95,4,819.33,10,204.8325,4,239,0,1
13985.0,1,11,5380.54,95,489.14,11,232,3,1
13988.0,13,5,3685.52,175,737.104,5,210,1,1
13989.0,35,2,1266.08,33,633.04,2,173,0,0
13990.0,182,1,311.3,16,311.3,1,0,0,0
13991.0,21,3,540.25,35,180.08333333333334,3,91,1,1
13993.0,12,9,3466.36,66,385.1511111111111,9,287,1,0
13994.0,9,5,2197.04,121,439.408,5,108,1,1
13995.0,25,4,1177.93,47,294.4825,4,189,1,1
13999.0,34,10,3177.41,91,317.741,10,296,0,1
14000.0,180,1,635.66,15,635.66,1,0,0,0
14001.0,15,3,2043.0800000000002,34,681.0266666666668,3,327,1,0
14002.0,103,2,529.73,47,264.865,2,22,0,0
14004.0,12,7,4582.64,102,654.6628571428572,7,245,1,0
14005.0,45,4,977.68,40,244.42,4,140,0,1
14006.0,85,3,962.19,22,320.73,3,196,0,0
14009.0,167,2,695.61,42,347.805,2,7,0,0
14012.0,247,1,328.8,11,328.8,1,0,0,0
14013.0,79,3,473.02,30,157.67333333333332,3,165,0,0
14014.0,46,1,505.18,39,505.18,1,0,0,0
14015.0,22,1,917.34,20,917.34,1,0,1,0
14016.0,131,4,4341.21,154,1085.3025,4,195,0,0
14019.0,16,3,1421.61,37,473.86999999999995,3,91,1,0
14020.0,57,1,331.14,18,331.14,1,0,0,1
14021.0,124,3,631.9,22,210.63333333333333,3,101,0,0
14022.0,194,1,440.0,28,440.0,1,0,0,0
14023.0,219,1,273.14,16,273.14,1,0,0,1
14024.0,91,2,327.7,16,163.85,2,2,0,0
14027.0,30,1,104.82,6,104.82,1,0,0,0
14029.0,32,2,467.66,15,233.83,2,80,0,0
14030.0,58,7,1816.81,164,259.5442857142857,6,276,0,1
14031.0,18,17,14711.65,117,865.3911764705882,15,323,1,1
14032.0,7,8,2250.29,45,281.28625,8,328,1,1
14034.0,126,2,473.90999999999997,23,236.95499999999998,1,0,0,1
14035.0,16,4,1127.7,40,281.925,4,250,1,1
14036.0,254,1,626.65,38,626.65,1,0,0,0
14037.0,145,2,147.20000000000002,27,73.60000000000001,2,188,0,0
14038.0,47,3,1560.38,64,520.1266666666667,3,128,0,0
14039.0,2,1,152.2,6,152.2,1,0,1,0
14040.0,10,12,3614.92,146,301.24333333333334,11,290,1,0
14041.0,235,1,141.41,21,141.41,1,0,0,0
14044.0,72,3,542.11,144,180.70333333333335,3,206,0,1
14045.0,78,4,1659.75,4,414.9375,3,264,0,0
14046.0,253,1,154.99,14,154.99,1,0,0,0
14047.0,42,4,957.46,17,239.365,4,299,0,1
14048.0,274,1,409.93,83,409.93,1,0,0,0
14049.0,128,3,3285.39,211,1095.1299999999999,3,159,0,1
14050.0,1,2,746.36,49,373.18,2,74,1,0
14051.0,0,20,12688.99,52,634.4495,19,335,3,1
14053.0,93,2,260.25,2,130.125,2,35,0,0
14054.0,34,1,92.46,6,92.46,1,0,0,0
14055.0,75,1,725.6400000000001,10,725.6400000000001,1,0,0,0
14056.0,4,21,7254.9,306,345.47142857142853,21,249,2,1
14057.0,36,16,5578.8,176,348.675,13,294,0,1
14059.0,236,1,183.6,8,183.6,1,0,0,0
14060.0,26,17,5430.38,83,319.4341176470588,17,316,1,1
14062.0,41,11,9225.470000000001,57,838.679090909091,10,292,0,1
14064.0,82,4,1097.6799999999998,44,274.41999999999996,4,161,0,1
14066.0,236,1,152.55,7,152.55,1,0,0,0
14067.0,33,2,374.7,51,187.35,2,32,0,0
14068.0,289,1,265.85,22,265.85,1,0,0,0
14071.0,1,5,943.0,153,188.6,5,233,3,1
14073.0,1,1,151.04,13,151.04,1,0,1,0
14075.0,230,1,307.92,18,307.92,1,0,0,1
14076.0,98,1,122.47,43,122.47,1,0,0,0
14077.0,10,5,499.41999999999996,33,99.88399999999999,5,233,1,0
14078.0,71,6,1049.37,46,174.89499999999998,6,271,0,0
14079.0,94,1,375.1,12,375.1,1,0,0,0
14080.0,2,1,45.599999999999994,4,45.599999999999994,1,0,1,0
14081.0,271,2,934.52,126,467.26,2,67,0,0
14082.0,334,1,182.25,28,182.25,1,0,0,0
14083.0,95,7,548.92,92,78.41714285714285,6,245,0,1
14085.0,14,14,3538.73,233,252.76642857142858,13,323,2,1
14088.0,6,9,37603.05,329,4178.116666666667,8,285,2,1
14089.0,26,1,161.0,13,161.0,1,0,1,0
14090.0,294,1,76.32000000000001,1,76.32000000000001,1,0,0,0
14092.0,37,11,3096.59,108,281.5081818181818,10,290,0,1
14096.0,8,12,28401.03,916,2366.7525,12,62,5,1
14098.0,6,1,147.35,21,147.35,1,0,1,0
14099.0,12,10,2890.37,160,289.037,10,311,1,1
14100.0,107,1,194.9,24,194.9,1,0,0,0
14101.0,43,6,5976.79,15,996.1316666666667,6,252,0,0
14102.0,6,2,770.4,27,385.2,2,7,2,1
14104.0,124,2,216.20999999999998,21,108.10499999999999,2,11,0,0
14105.0,208,1,1266.23,74,1266.23,1,0,0,0
14107.0,21,7,2703.23,61,386.17571428571426,7,312,1,0
14108.0,0,2,597.91,33,298.955,2,70,1,0
14109.0,42,1,144.2,9,144.2,1,0,0,0
14110.0,6,10,5032.27,94,503.22700000000003,10,230,2,1
14111.0,65,3,295.5,5,98.5,3,146,0,1
14112.0,9,6,2704.05,114,450.675,4,235,2,1
14113.0,47,2,926.38,8,463.19,2,276,0,1
14114.0,243,2,386.53,15,193.265,2,56,0,0
14116.0,0,4,1169.82,55,292.455,4,90,1,1
14117.0,113,1,90.0,3,90.0,1,0,0,0
14121.0,29,1,233.1,20,233.1,1,0,1,1
14124.0,53,1,419.58000000000004,4,419.58000000000004,1,0,0,0
14125.0,47,1,1295.43,84,1295.43,1,0,0,1
14127.0,92,3,709.71,39,236.57000000000002,3,187,0,0
14128.0,30,2,637.5,40,318.75,2,195,0,0
14129.0,65,3,726.23,28,242.07666666666668,2,165,0,1
14130.0,288,1,483.86,66,483.86,1,0,0,0
14132.0,5,8,2627.9,78,328.4875,8,148,2,1
14133.0,99,3,605.64,25,201.88,2,186,0,0
14135.0,1,13,4247.41,88,326.7238461538461,12,340,2,1
14138.0,33,1,638.21,32,638.21,1,0,0,1
14139.0,15,1,415.82,26,415.82,1,0,1,0
14140.0,1,1,540.99,40,540.99,1,0,1,1
14141.0,29,3,688.7800000000001,26,229.59333333333336,3,45,1,1
14142.0,342,1,311.81,22,311.81,1,0,0,0
14143.0,103,1,115.8,7,115.8,1,0,0,0
14145.0,16,4,3742.2,6,935.55,4,170,1,0
14146.0,50,4,2965.84,122,741.46,3,275,0,1
14147.0,47,2,483.4,4,241.7,2,207,0,0
14148.0,203,1,157.2,3,157.2,1,0,0,0
14149.0,190,1,446.62,28,446.62,1,0,0,0
14150.0,5,2,658.64,23,329.32,2,324,1,0
14152.0,44,2,621.29,47,310.645,2,158,0,0
14154.0,208,2,1345.62,52,672.81,1,0,0,0
14155.0,235,1,118.75,6,118.75,1,0,0,0
14156.0,2,51,111024.38,674,2176.9486274509804,39,338,7,1
14157.0,254,1,277.17,36,277.17,1,0,0,1
14158.0,9,1,507.66,41,507.66,1,0,1,0
14159.0,10,10,3845.19,458,384.519,10,322,2,1
14161.0,185,3,1110.52,87,370.17333333333335,3,153,0,0
14162.0,143,2,289.36,25,144.68,2,118,0,0
14163.0,56,4,2445.91,36,611.4775,4,151,0,0
14164.0,40,2,1631.77,28,815.885,2,10,0,0
14165.0,245,1,122.53999999999999,23,122.53999999999999,1,0,0,0
14167.0,8,4,574.84,27,143.71,4,291,1,0
14171.0,67,1,363.79,57,363.79,1,0,0,0
14173.0,14,2,243.81,23,121.905,2,173,1,1
14174.0,2,1,134.46,26,134.46,1,0,1,0
14175.0,29,3,3222.3,139,1074.1000000000001,3,269,1,0
14176.0,266,4,576.9000000000001,28,144.22500000000002,3,70,0,0
14177.0,55,4,559.41,37,139.8525,3,93,0,0
14178.0,10,5,953.95,141,190.79000000000002,5,141,1,1
14179.0,10,2,719.78,135,359.89,2,11,2,0
14180.0,27,23,4408.62,108,191.6791304347826,22,314,1,1
14184.0,36,1,452.89,24,452.89,1,0,0,0
14185.0,300,1,197.65,3,197.65,1,0,0,0
14188.0,0,6,2054.36,34,342.3933333333334,6,279,1,0
14189.0,13,12,3735.42,142,311.285,11,324,1,1
14191.0,7,10,3149.84,92,314.98400000000004,10,182,2,1
14193.0,37,2,853.39,35,426.695,2,201,0,0
14194.0,11,18,8719.960000000001,216,484.44222222222226,12,265,4,1
14195.0,171,2,1012.0,7,506.0,2,50,0,0
14196.0,76,1,335.52,6,335.52,1,0,0,0
14198.0,56,3,528.8,27,176.26666666666665,3,152,0,1
14199.0,187,1,185.39999999999998,2,185.39999999999998,1,0,0,0
14201.0,29,7,747.44,32,106.77714285714286,7,299,1,0
14205.0,233,1,222.9,14,222.9,1,0,0,1
14206.0,208,1,328.15999999999997,20,328.15999999999997,1,0,0,0
14208.0,64,1,151.74,10,151.74,1,0,0,0
14209.0,90,5,1876.33,54,375.26599999999996,5,211,0,1
14210.0,75,6,1905.8400000000001,66,317.64000000000004,6,265,0,0
14211.0,22,9,2241.1,87,249.0111111111111,9,241,2,0
14212.0,59,1,1070.48,9,1070.48,1,0,0,0
14214.0,0,5,1004.38,64,200.876,5,246,2,0
14215.0,47,5,1343.91,72,268.78200000000004,5,290,0,1
14216.0,7,1,459.8,30,459.8,1,0,1,1
14217.0,9,14,1665.14,68,118.93857142857144,13,326,2,1
14218.0,12,1,169.48000000000002,12,169.48000000000002,1,0,1,0
14220.0,216,2,632.4,21,316.2,2,110,0,0
14221.0,11,9,3432.8,123,381.4222222222222,7,296,1,0
14222.0,146,1,683.17,41,683.17,1,0,0,0
14223.0,61,3,991.13,50,330.37666666666667,3,171,0,0
14224.0,79,4,1050.12,105,262.53,4,209,0,0
14226.0,40,3,1895.17,52,631.7233333333334,3,198,0,1
14227.0,55,9,3031.9,117,336.8777777777778,5,198,0,1
14229.0,21,3,1547.2,29,515.7333333333333,3,281,1,0
14231.0,153,3,925.71,47,308.57,3,104,0,0
14232.0,12,5,2048.07,81,409.61400000000003,5,221,1,0
14233.0,18,4,1462.72,30,365.68,4,268,1,0
14234.0,14,2,452.34,108,226.17,2,12,2,1
14235.0,44,5,3144.86,65,628.972,4,185,0,0
14236.0,50,2,490.86,15,245.43,2,291,0,0
14237.0,342,1,161.0,9,161.0,1,0,0,0
14238.0,295,1,146.85,8,146.85,1,0,0,0
14239.0,12,11,2380.85,83,216.4409090909091,11,272,1,0
14240.0,195,1,226.85,10,226.85,1,0,0,1
14241.0,153,1,213.70000000000002,10,213.70000000000002,1,0,0,0
14242.0,204,2,280.55,13,140.275,2,91,0,0
14243.0,7,9,2481.35,97,275.7055555555555,9,327,1,1
14245.0,189,2,1693.45,107,846.725,2,43,0,0
14246.0,80,3,1474.06,57,491.3533333333333,3,135,0,0
14247.0,247,1,136.76999999999998,19,136.76999999999998,1,0,0,0
14248.0,287,1,302.58,8,302.58,1,0,0,0
14250.0,58,1,1228.83,74,1228.83,1,0,0,1
14251.0,27,1,1259.46,36,1259.46,1,0,1,1
14256.0,229,2,969.0600000000001,51,484.53000000000003,2,104,0,0
14257.0,33,5,3099.7200000000003,88,619.9440000000001,5,254,0,0
14258.0,59,8,11298.380000000001,58,1412.2975000000001,7,247,0,1
14259.0,111,1,120.0,5,120.0,1,0,0,0
14261.0,20,2,1163.45,52,581.725,2,27,1,0
14262.0,23,5,1593.75,65,318.75,5,186,1,1
14264.0,124,2,333.97,15,166.985,2,90,0,0
14265.0,78,2,530.18,31,265.09,2,39,0,0
14267.0,132,3,1516.24,25,505.41333333333336,2,97,0,0
14270.0,301,1,492.65000000000003,29,492.65000000000003,1,0,0,0
14271.0,195,1,112.32,10,112.32,1,0,0,0
14272.0,43,2,437.96,33,218.98,2,180,0,0
14273.0,20,4,559.97,22,139.9925,4,190,1,0
14276.0,68,3,1119.74,52,373.24666666666667,3,191,0,0
14277.0,181,1,1637.43,71,1637.43,1,0,0,1
14280.0,166,1,134.04,8,134.04,1,0,0,0
14282.0,1,11,3046.44,68,276.9490909090909,11,336,1,1
14284.0,0,2,595.25,24,297.625,2,55,1,0
14285.0,7,3,1554.03,18,518.01,3,138,1,1
14286.0,15,2,2692.85,159,1346.425,2,197,1,1
14287.0,168,2,83.28,4,41.64,1,0,0,1
14288.0,182,1,426.6,16,426.6,1,0,0,0
14289.0,104,5,832.78,33,166.55599999999998,5,154,0,1
14290.0,25,4,2050.12,81,512.53,4,305,1,1
14291.0,27,9,3325.56,139,369.50666666666666,6,217,1,1
14292.0,9,7,4458.61,63,636.9442857142857,5,243,2,1
14293.0,116,3,739.41,40,246.47,3,221,0,1
14295.0,9,1,166.20000000000002,5,166.20000000000002,1,0,1,0
14297.0,20,3,724.95,36,241.65,3,223,1,1
14298.0,0,43,50889.7,883,1183.4813953488372,24,329,2,1
14299.0,27,7,3150.55,89,450.0785714285715,7,307,1,1
14301.0,86,1,640.14,13,640.14,1,0,0,0
14304.0,192,1,383.45,17,383.45,1,0,0,0
14305.0,40,3,1858.96,96,619.6533333333333,3,64,0,0
14306.0,20,2,2093.32,33,1046.66,2,34,1,0
14307.0,58,6,2995.72,150,499.28666666666663,5,284,0,0
14309.0,63,7,1633.7,62,233.3857142857143,7,264,0,1
14311.0,212,1,310.26,20,310.26,1,0,0,0
14312.0,16,6,1611.59,74,268.5983333333333,6,290,1,0
14314.0,76,1,120.0,8,120.0,1,0,0,0
14315.0,14,6,2481.13,64,413.5216666666667,6,221,1,0
14317.0,34,1,508.58000000000004,24,508.58000000000004,1,0,0,0
14320.0,176,2,477.79,29,238.895,2,126,0,0
14321.0,43,4,1230.59,99,307.6475,4,259,0,1
14323.0,84,2,605.0600000000001,32,302.53000000000003,2,123,0,0
14326.0,211,1,183.85,8,183.85,1,0,0,0
14327.0,132,1,311.65,12,311.65,1,0,0,0
14329.0,18,5,4646.39,213,929.278,5,280,1,1
14331.0,93,2,462.65999999999997,27,231.32999999999998,2,10,0,0
14332.0,35,2,585.34,14,292.67,2,81,0,1
14333.0,37,1,415.2,15,415.2,1,0,0,0
14334.0,63,7,2328.71,96,332.67285714285714,7,264,0,1
14335.0,65,1,359.25,40,359.25,1,0,0,1
14336.0,167,3,1114.39,53,371.46333333333337,3,77,0,1
14338.0,130,2,588.22,30,294.11,2,35,0,0
14339.0,212,1,309.52,14,309.52,1,0,0,0
14340.0,188,1,134.7,6,134.7,1,0,0,0
14341.0,14,8,2182.28,109,272.785,5,273,2,0
14342.0,0,3,510.78000000000003,15,170.26000000000002,3,179,1,1
14344.0,96,8,889.9300000000001,56,111.24125000000001,8,241,0,0
14345.0,8,1,108.97999999999999,6,108.97999999999999,1,0,1,0
14346.0,90,2,1021.58,55,510.79,2,176,0,0
14348.0,229,1,409.57,18,409.57,1,0,0,0
14350.0,243,1,282.93,18,282.93,1,0,0,0
14351.0,134,1,51.0,1,51.0,1,0,0,0
14352.0,126,4,1078.96,44,269.74,3,116,0,0
14353.0,184,1,90.6,6,90.6,1,0,0,0
14355.0,335,1,174.4,11,174.4,1,0,0,0
14356.0,49,2,701.23,33,350.615,2,1,0,0
14357.0,12,1,225.77,39,225.77,1,0,1,0
14359.0,12,2,785.48,44,392.74,2,44,1,1
14360.0,1,4,2128.23,104,532.0575,3,62,1,0
14364.0,78,8,3717.35,61,464.66875,7,102,0,0
14367.0,0,14,8313.14,262,593.7957142857142,11,245,2,1
14368.0,289,1,155.0,8,155.0,1,0,0,0
14371.0,264,1,100.5,4,100.5,1,0,0,0
14373.0,327,1,76.55,4,76.55,1,0,0,0
14375.0,154,1,257.68,57,257.68,1,0,0,0
14377.0,160,2,617.05,11,308.525,2,70,0,0
14379.0,13,2,348.1,39,174.05,2,251,1,0
14381.0,21,1,202.68,56,202.68,1,0,1,0
14383.0,7,3,1247.69,49,415.8966666666667,3,125,1,0
14386.0,266,1,142.4,7,142.4,1,0,0,0
14387.0,2,3,1770.56,125,590.1866666666666,3,76,1,0
14388.0,5,7,2740.86,110,391.5514285714286,7,337,1,1
14389.0,34,2,1043.46,33,521.73,2,125,0,0
14390.0,7,6,3036.87,131,506.145,6,335,2,1
14393.0,187,1,67.95,5,67.95,1,0,0,0
14395.0,29,8,2948.7200000000003,165,368.59000000000003,8,311,1,1
14396.0,34,2,487.99,71,243.995,2,306,0,0
14397.0,11,14,1590.18,16,113.58428571428571,14,171,3,1
14400.0,118,1,574.7,25,574.7,1,0,0,0
14401.0,7,12,3697.7,90,308.14166666666665,12,321,1,1
14403.0,99,4,1475.81,17,368.9525,4,116,0,0
14404.0,3,6,1474.32,70,245.72,6,335,1,0
14406.0,88,1,156.75,8,156.75,1,0,0,0
14407.0,76,6,2157.73,67,359.62166666666667,6,169,0,0
14408.0,64,6,2298.31,59,383.0516666666667,6,169,0,1
14409.0,40,6,2059.4500000000003,40,343.24166666666673,5,297,0,0
14410.0,61,9,1105.07,153,122.78555555555555,7,213,0,0
14411.0,280,1,1063.0,14,1063.0,1,0,0,0
14412.0,12,2,770.03,43,385.015,2,30,1,0
14413.0,331,1,122.7,22,122.7,1,0,0,0
14414.0,61,7,1496.98,79,213.8542857142857,7,267,0,0
14415.0,12,11,4693.15,232,426.65,11,317,1,1
14416.0,11,1,361.0,11,361.0,1,0,1,1
14418.0,77,1,150.44,17,150.44,1,0,0,1
14419.0,8,5,841.3100000000001,100,168.262,5,326,1,1
14420.0,68,1,387.52,29,387.52,1,0,0,0
14421.0,26,2,813.11,25,406.555,2,154,1,0
14422.0,22,4,3551.08,168,887.77,4,213,1,1
14423.0,187,1,265.2,3,265.2,1,0,0,0
14426.0,1,8,3810.5,169,476.3125,6,280,2,1
14427.0,19,2,363.34000000000003,16,181.67000000000002,2,13,1,0
14428.0,5,4,1042.97,102,260.7425,4,288,1,1
14431.0,272,1,470.36,17,470.36,1,0,0,0
14432.0,7,4,1390.06,197,347.515,4,50,2,1
14434.0,7,5,1032.0,3,206.4,5,34,3,1
14436.0,68,1,89.06,9,89.06,1,0,0,0
14437.0,335,1,63.0,5,63.0,1,0,0,0
14438.0,275,1,131.9,9,131.9,1,0,0,0
14439.0,289,1,2661.24,32,2661.24,1,0,0,0
14440.0,11,4,1740.43,31,435.1075,4,323,1,1
14441.0,12,3,1407.19,37,469.06333333333333,3,212,1,1
14442.0,174,2,1589.82,58,794.91,2,112,0,0
14443.0,23,4,1420.2,84,355.05,4,314,1,0
14446.0,50,2,685.22,162,342.61,2,166,0,1
14447.0,20,4,872.47,48,218.1175,3,230,2,1
14448.0,333,1,102.35000000000001,18,102.35000000000001,1,0,0,1
14449.0,33,3,714.7,176,238.23333333333335,3,307,0,1
14450.0,150,3,483.25,32,161.08333333333334,3,139,0,0
14451.0,29,2,662.59,86,331.295,2,134,1,0
14452.0,63,1,127.37,29,127.37,1,0,0,1
14453.0,159,1,119.93,22,119.93,1,0,0,0
14456.0,9,6,2079.79,462,346.63166666666666,5,101,1,1
14457.0,280,1,113.64,4,113.64,1,0,0,0
14459.0,124,1,1837.92,37,1837.92,1,0,0,0
14460.0,79,3,434.34,14,144.78,3,200,0,0
14461.0,117,3,2103.06,173,701.02,3,113,0,0
14462.0,35,11,2004.02,150,182.18363636363637,9,273,0,0
14463.0,67,3,529.62,6,176.54,3,107,0,0
14465.0,216,3,1058.6200000000001,107,352.8733333333334,2,56,0,0
14466.0,43,6,1785.65,32,297.60833333333335,6,298,0,1
14467.0,15,2,311.97,39,155.985,2,266,1,1
14470.0,257,1,297.64,35,297.64,1,0,0,1
14472.0,73,8,1936.84,153,242.105,8,251,0,0
14473.0,43,2,234.34000000000003,7,117.17000000000002,2,208,0,0
14474.0,15,1,547.66,29,547.66,1,0,1,0
14475.0,41,3,925.85,35,308.6166666666667,3,233,0,0
14476.0,226,1,215.7,17,215.7,1,0,0,0
14477.0,20,3,964.2,7,321.40000000000003,3,246,1,1
14479.0,223,2,316.25,18,158.125,2,111,0,0
14481.0,134,2,636.51,25,318.255,2,122,0,0
14482.0,3,4,1429.63,54,357.4075,4,205,2,1
14483.0,251,1,137.1,9,137.1,1,0,0,0
14484.0,19,1,321.92,14,321.92,1,0,1,0
14485.0,8,1,165.75,44,165.75,1,0,1,0
14487.0,10,5,1044.1399999999999,100,208.82799999999997,4,327,1,1
14488.0,37,1,1064.28,46,1064.28,1,0,0,0
14489.0,176,1,463.38,30,463.38,1,0,0,0
14491.0,144,2,340.93,17,170.465,2,197,0,0
14493.0,16,2,1010.72,48,505.36,2,108,1,1
14495.0,20,2,123.8,6,61.9,2,70,1,0
14496.0,281,2,538.8100000000001,16,269.40500000000003,2,61,0,0
14497.0,278,1,475.37,29,475.37,1,0,0,0
14498.0,12,5,1957.32,162,391.464,5,319,1,0
14499.0,103,2,370.96000000000004,71,185.48000000000002,2,144,0,1
14500.0,57,3,356.85,6,118.95,3,101,0,0
14501.0,153,2,251.21,9,125.605,2,136,0,0
14502.0,2,10,2119.54,330,211.954,8,279,2,1
14503.0,39,2,1284.45,81,642.225,2,108,0,1
14504.0,16,4,673.26,85,168.315,4,231,1,0
14505.0,7,7,5210.45,484,744.35,7,323,1,1
14506.0,35,4,1515.25,176,378.8125,4,303,0,1
14507.0,9,5,1145.58,79,229.11599999999999,4,235,1,1
14508.0,59,1,137.56,24,137.56,1,0,0,1
14511.0,2,4,1013.49,39,253.3725,4,100,1,1
14512.0,157,2,275.28,19,137.64,2,44,0,0
14513.0,70,3,455.59000000000003,11,151.86333333333334,3,188,0,0
14514.0,30,3,1055.35,65,351.7833333333333,3,270,0,0
14515.0,36,3,1349.07,49,449.69,3,152,0,1
14517.0,2,2,330.45,17,165.225,2,108,1,0
14518.0,33,1,174.37,16,174.37,1,0,0,0
14520.0,260,1,165.0,1,165.0,1,0,0,1
14522.0,41,3,831.5,15,277.1666666666667,3,126,0,1
14523.0,77,1,241.09,12,241.09,1,0,0,0
14524.0,1,9,1867.68,161,207.52,6,329,1,0
14525.0,12,8,3335.58,175,416.9475,8,317,1,1
14527.0,1,49,6971.04,297,142.2661224489796,48,336,5,1
14528.0,6,1,364.21999999999997,18,364.21999999999997,1,0,1,0
14529.0,29,3,620.04,177,206.67999999999998,3,50,1,0
14530.0,62,5,2546.12,121,509.224,5,203,0,1
14532.0,205,4,932.85,45,233.2125,4,115,0,0
14533.0,29,6,1797.06,50,299.51,6,292,1,1
14534.0,35,15,3781.06,304,252.07066666666665,15,253,0,1
14535.0,29,3,2864.19,280,954.73,3,188,1,0
14536.0,229,1,171.8,18,171.8,1,0,0,0
14537.0,27,1,355.56,10,355.56,1,0,1,0
14538.0,34,2,388.25,19,194.125,2,191,0,0
14539.0,14,1,72.13,7,72.13,1,0,1,1
14540.0,45,2,681.53,53,340.765,2,233,0,1
14541.0,28,8,1461.65,71,182.70625,7,260,1,0
14542.0,155,1,103.25,5,103.25,1,0,0,0
14543.0,43,14,3301.75,39,235.83928571428572,13,290,0,1
14544.0,331,1,1121.92,53,1121.92,1,0,0,1
14546.0,10,4,2078.1,229,519.525,4,207,1,1
14547.0,2,2,968.3000000000001,119,484.15000000000003,2,21,2,1
14548.0,120,2,652.8,2,326.4,2,167,0,0
14549.0,280,1,289.24,56,289.24,1,0,0,0
14550.0,14,1,340.79,26,340.79,1,0,1,1
14551.0,173,1,125.43,7,125.43,1,0,0,1
14552.0,121,1,165.07,57,165.07,1,0,0,0
14553.0,2,4,717.79,75,179.4475,3,305,2,1
14554.0,21,1,351.83,47,351.83,1,0,1,1
14555.0,26,2,324.14,18,162.07,2,244,1,0
14557.0,54,1,788.38,16,788.38,1,0,0,0
14560.0,0,19,2039.29,38,107.33105263157894,17,326,3,1
14561.0,45,3,1080.76,67,360.25333333333333,3,108,0,0
14562.0,7,13,3842.0,169,295.53846153846155,13,265,3,1
14565.0,65,4,3099.12,111,774.78,4,265,0,0
14566.0,80,1,1432.0,4,1432.0,1,0,0,0
14567.0,26,2,1530.3600000000001,33,765.1800000000001,2,73,1,0
14570.0,250,2,218.06,29,109.03,1,0,0,0
14572.0,9,6,2697.79,189,449.63166666666666,6,283,1,1
14573.0,149,9,1653.42,127,183.71333333333334,8,192,0,0
14576.0,341,1,35.400000000000006,1,35.400000000000006,1,0,0,0
14577.0,133,3,646.64,70,215.54666666666665,3,199,0,1
14582.0,10,1,114.11,6,114.11,1,0,1,0
14583.0,113,4,787.64,172,196.91,4,61,0,1
14584.0,138,4,1042.26,68,260.565,4,29,0,0
14585.0,19,1,157.05,29,157.05,1,0,1,0
14586.0,246,1,237.36,19,237.36,1,0,0,0
14587.0,153,8,1473.53,166,184.19125,8,147,0,1
14589.0,341,1,39.75,3,39.75,1,0,0,0
14591.0,182,1,250.22,33,250.22,1,0,0,1
14592.0,4,3,570.46,132,190.15333333333334,3,28,2,0
14593.0,168,2,339.59,54,169.795,1,0,0,1
14594.0,342,1,255.0,31,255.0,1,0,0,1
14595.0,25,4,1533.07,87,383.2675,4,257,1,1
14597.0,161,1,165.1,3,165.1,1,0,0,1
14598.0,13,1,221.97,49,221.97,1,0,1,0
14600.0,275,1,393.33000000000004,25,393.33000000000004,1,0,0,0
14603.0,244,1,660.0,2,660.0,1,0,0,0
14606.0,1,84,10893.98,764,129.6902380952381,80,340,6,1
14607.0,5,11,13450.2,30,1222.7454545454545,4,224,10,1
14608.0,55,2,790.95,7,395.475,2,276,0,1
14609.0,41,4,601.56,2,150.39,4,224,0,0
14616.0,212,3,406.08000000000004,2,135.36,3,74,0,0
14618.0,307,1,211.8,5,211.8,1,0,0,1
14619.0,215,1,394.44,20,394.44,1,0,0,0
14620.0,175,2,412.78000000000003,26,206.39000000000001,2,78,0,0
14621.0,126,3,1002.91,45,334.30333333333334,3,201,0,1
14622.0,154,1,320.58000000000004,21,320.58000000000004,1,0,0,0
14623.0,1,5,889.25,108,177.85,5,203,2,0
14624.0,26,2,225.85,13,112.925,2,1,2,0
14625.0,165,2,899.63,51,449.815,2,164,0,0
14626.0,34,3,2182.2,82,727.4,3,168,0,1
14628.0,60,2,671.96,22,335.98,2,151,0,0
14629.0,16,1,604.83,82,604.83,1,0,1,1
14631.0,20,3,1006.98,38,335.66,3,248,1,0
14632.0,232,1,114.56,8,114.56,1,0,0,0
14633.0,235,1,344.90000000000003,20,344.90000000000003,1,0,0,0
14636.0,5,2,609.85,27,304.925,2,232,1,0
14638.0,20,1,443.6,16,443.6,1,0,1,0
14639.0,21,6,2984.49,138,497.41499999999996,4,309,2,0
14640.0,28,5,1807.13,71,361.42600000000004,5,168,1,1
14642.0,28,1,96.12,2,96.12,1,0,1,0
14643.0,139,2,693.8100000000001,30,346.90500000000003,2,187,0,0
14644.0,37,2,830.76,26,415.38,2,230,0,0
14645.0,126,2,597.09,28,298.545,2,118,0,0
14646.0,6,62,247589.5,662,3993.3790322580644,38,317,12,1
14647.0,170,1,243.22,24,243.22,1,0,0,0
14649.0,41,3,903.3,95,301.09999999999997,2,140,0,1
14651.0,36,2,654.6,95,327.3,2,143,0,0
14652.0,46,1,114.18,29,114.18,1,0,0,0
14653.0,1,4,1240.22,127,310.055,4,305,2,1
14655.0,40,2,1211.17,24,605.585,2,151,0,1
14656.0,138,2,291.05,73,145.525,2,114,0,0
14657.0,124,3,638.94,83,212.98000000000002,3,171,0,1
14658.0,86,1,123.14,14,123.14,1,0,0,1
14659.0,5,8,2380.53,141,297.56625,8,279,1,1
14660.0,56,2,285.74,24,142.87,2,14,0,0
14662.0,204,3,524.86,82,174.95333333333335,3,81,0,1
14664.0,2,1,389.04,64,389.04,1,0,1,1
14665.0,30,5,1835.7,63,367.14,4,250,0,0
14667.0,0,22,8138.03,311,369.9104545454545,20,337,3,1
14669.0,211,3,1269.99,158,423.33,2,90,0,0
14670.0,249,2,411.53,107,205.765,1,0,0,0
14672.0,204,2,765.55,58,382.775,2,101,0,0
14673.0,7,2,678.17,30,339.085,2,329,1,1
14676.0,0,6,2548.2400000000002,29,424.7066666666667,6,251,1,0
14680.0,41,15,27586.510000000002,72,1839.1006666666667,15,300,0,1
14681.0,40,3,498.95,6,166.31666666666666,2,140,0,0
14682.0,157,2,52.0,1,26.0,2,13,0,0
14684.0,9,4,923.15,214,230.7875,4,322,1,1
14687.0,76,1,628.38,15,628.38,1,0,0,0
14688.0,9,19,4971.0,117,261.63157894736844,19,333,2,1
14689.0,178,1,112.8,13,112.8,1,0,0,0
14690.0,13,2,371.7,40,185.85,2,107,1,0
14691.0,0,5,2114.33,50,422.866,4,182,1,0
14692.0,106,4,591.55,53,147.8875,4,185,0,0
14693.0,234,1,172.9,8,172.9,1,0,0,0
14696.0,40,6,1778.41,101,296.4016666666667,6,301,0,1
14697.0,187,2,188.60999999999999,22,94.30499999999999,1,0,0,0
14698.0,17,2,617.77,71,308.885,2,3,2,1
14699.0,183,1,109.13000000000001,8,109.13000000000001,1,0,0,0
14700.0,1,3,2235.3,80,745.1,3,206,1,0
14701.0,142,7,1958.28,188,279.7542857142857,6,143,0,1
14702.0,2,14,2833.16,180,202.3685714285714,14,332,3,1
14704.0,8,6,1134.86,231,189.14333333333332,6,141,3,1
14705.0,168,1,179.0,1,179.0,1,0,0,0
14708.0,123,2,701.1800000000001,12,350.59000000000003,2,214,0,1
14709.0,0,12,4609.04,71,384.08666666666664,11,327,2,1
14710.0,9,2,319.23,62,159.615,2,18,2,1
14711.0,60,9,2365.42,177,262.82444444444445,9,171,0,1
14712.0,44,2,421.47,20,210.735,2,37,0,1
14713.0,68,9,2029.61,130,225.51222222222222,9,266,0,1
14715.0,64,3,594.75,44,198.25,3,236,0,1
14716.0,12,2,329.68,46,164.84,2,105,1,0
14719.0,30,3,805.34,117,268.44666666666666,3,188,0,1
14720.0,58,2,401.13,22,200.565,2,37,0,1
14722.0,116,1,187.92000000000002,28,187.92000000000002,1,0,0,0
14723.0,5,5,836.23,163,167.246,4,335,2,1
14727.0,243,1,268.58,10,268.58,1,0,0,0
14729.0,343,1,313.49,69,313.49,1,0,0,0
14730.0,34,7,1760.13,277,251.44714285714286,6,211,0,1
14731.0,16,3,380.02,38,126.67333333333333,3,165,1,0
14732.0,0,7,2238.38,98,319.7685714285714,7,308,1,1
14733.0,80,11,9044.2,98,822.2,11,257,0,1
14735.0,51,26,4347.25,84,167.20192307692307,15,276,0,1
14737.0,98,2,1081.75,13,540.875,2,224,0,1
14738.0,12,7,1314.45,39,187.77857142857144,7,273,1,0
14739.0,35,5,2857.36,39,571.472,5,301,0,1
14740.0,166,3,1448.21,85,482.7366666666667,3,86,0,0
14741.0,23,5,1168.39,31,233.67800000000003,5,318,1,1
14744.0,29,6,1011.78,18,168.63,5,306,1,1
14745.0,82,5,1220.26,46,244.052,4,172,0,0
14747.0,218,1,328.2,18,328.2,1,0,0,0
14748.0,93,4,1118.77,75,279.6925,3,245,0,1
14752.0,13,1,389.64,5,389.64,1,0,1,0
14753.0,56,1,563.15,30,563.15,1,0,0,0
14754.0,14,2,638.05,38,319.025,2,250,1,0
14755.0,9,9,3615.19,112,401.6877777777778,9,293,1,1
14757.0,44,1,420.5,19,420.5,1,0,0,0
14758.0,114,4,1484.06,54,371.015,4,114,0,0
14759.0,82,2,870.85,47,435.425,2,119,0,1
14760.0,266,1,89.2,5,89.2,1,0,0,0
14761.0,28,2,255.9,11,127.95,2,276,1,0
14762.0,233,1,300.52,21,300.52,1,0,0,0
14764.0,16,1,278.3,6,278.3,1,0,1,0
14765.0,81,2,95.5,8,47.75,2,63,0,1
14766.0,50,5,2050.85,96,410.16999999999996,5,285,0,1
14768.0,96,1,133.20000000000002,4,133.20000000000002,1,0,0,1
14769.0,51,7,10332.78,713,1476.1114285714286,7,275,0,1
14770.0,201,2,876.42,49,438.21,2,90,0,0
14772.0,81,1,139.26,9,139.26,1,0,0,0
14775.0,27,3,1011.9,57,337.3,3,313,1,0
14776.0,20,11,2538.3,44,230.75454545454548,9,261,3,0
14778.0,96,2,730.86,34,365.43,2,181,0,0
14779.0,250,3,386.15,40,128.71666666666667,3,43,0,0
14780.0,24,2,447.68,26,223.84,2,24,1,0
14782.0,289,1,200.10000000000002,6,200.10000000000002,1,0,0,0
14784.0,293,1,114.68,4,114.68,1,0,0,1
14790.0,89,2,364.04,22,182.02,2,134,0,1
14792.0,33,1,6.2,2,6.2,1,0,0,0
14794.0,0,5,826.6899999999999,44,165.338,5,303,1,1
14795.0,135,1,131.45000000000002,6,131.45000000000002,1,0,0,0
14796.0,26,15,7193.4800000000005,361,479.56533333333334,15,310,1,1
14798.0,22,3,173.74,11,57.913333333333334,3,257,1,0
14799.0,20,1,157.7,13,157.7,1,0,1,0
14800.0,17,12,4339.74,246,361.645,12,322,2,0
14801.0,30,1,193.14,56,193.14,1,0,0,0
14803.0,131,3,845.55,35,281.84999999999997,3,130,0,0
14805.0,22,2,253.9,24,126.95,2,260,1,1
14806.0,44,1,193.39000000000001,11,193.39000000000001,1,0,0,0
14808.0,9,8,2741.17,176,342.64625,6,132,1,0
14810.0,10,11,2087.88,106,189.80727272727273,11,328,1,0
14813.0,339,2,155.43,25,77.715,1,0,0,0
14815.0,6,2,778.5,53,389.25,2,31,1,0
14816.0,166,1,271.85,4,271.85,1,0,0,0
14817.0,169,2,1110.34,52,555.17,2,76,0,0
14818.0,43,3,657.8,41,219.26666666666665,3,179,0,0
14819.0,33,2,272.07,13,136.035,2,127,0,0
14820.0,3,3,381.29,23,127.09666666666668,3,139,1,1
14821.0,336,1,48.800000000000004,2,48.800000000000004,1,0,0,0
14823.0,149,3,321.43,56,107.14333333333333,2,14,0,0
14824.0,2,3,811.01,19,270.33666666666664,3,58,1,1
14825.0,32,9,1650.8100000000002,71,183.42333333333335,9,305,0,1
14828.0,166,3,2139.76,17,713.2533333333334,3,140,0,0
14829.0,153,3,531.63,33,177.21,3,187,0,1
14830.0,22,1,197.13,39,197.13,1,0,1,0
14834.0,27,4,1195.14,40,298.785,4,181,1,1
14837.0,59,4,1649.5,96,412.375,4,111,0,0
14840.0,237,1,62.85,4,62.85,1,0,0,0
14841.0,22,6,3295.76,103,549.2933333333334,6,305,2,0
14842.0,13,4,2824.69,128,706.1725,4,264,1,0
14844.0,33,4,3189.81,87,797.4525,4,177,0,0
14847.0,118,1,309.4,13,309.4,1,0,0,0
14849.0,6,23,7127.62,158,309.89652173913043,12,337,4,1
14850.0,281,1,325.75,21,325.75,1,0,0,0
14851.0,225,1,206.13,14,206.13,1,0,0,1
14852.0,27,6,2836.69,96,472.7816666666667,5,193,1,0
14853.0,180,1,214.5,3,214.5,1,0,0,1
14854.0,47,7,2759.83,110,394.26142857142855,7,196,0,0
14855.0,88,2,645.65,13,322.825,2,15,0,0
14856.0,5,3,1311.3799999999999,65,437.1266666666666,2,20,3,0
14857.0,29,2,1173.12,58,586.56,2,88,1,0
14859.0,49,2,927.12,40,463.56,2,123,0,1
14861.0,21,1,125.79,6,125.79,1,0,1,0
14862.0,118,1,304.09999999999997,21,304.09999999999997,1,0,0,1
14865.0,341,1,37.2,3,37.2,1,0,0,1
14866.0,8,10,13855.34,30,1385.534,9,327,5,1
14867.0,155,3,710.28,31,236.76,3,150,0,0
14868.0,2,6,2193.36,88,365.56,5,200,1,1
14869.0,72,1,391.31,48,391.31,1,0,0,1
14870.0,231,1,327.25,13,327.25,1,0,0,0
14871.0,147,3,354.75,44,118.25,3,182,0,1
14873.0,179,1,519.68,28,519.68,1,0,0,0
14875.0,77,2,1465.3200000000002,46,732.6600000000001,2,155,0,0
14878.0,5,8,1336.69,60,167.08625,8,322,1,1
14880.0,46,3,706.19,45,235.39666666666668,3,211,0,0
14882.0,3,1,247.9,6,247.9,1,0,1,1
14883.0,9,5,666.0699999999999,37,133.214,4,172,1,1
14885.0,101,1,765.3199999999999,15,765.3199999999999,1,0,0,0
14886.0,222,1,364.8,18,364.8,1,0,0,0
14887.0,48,1,1862.0,6,1862.0,1,0,0,0
14888.0,176,1,369.2,20,369.2,1,0,0,0
14889.0,305,1,135.9,10,135.9,1,0,0,0
14890.0,223,1,125.65,7,125.65,1,0,0,0
14891.0,117,2,554.38,30,277.19,2,39,0,0
14894.0,54,1,655.75,23,655.75,1,0,0,0
14895.0,9,16,9442.17,264,590.135625,9,250,3,1
14896.0,174,2,468.77000000000004,43,234.38500000000002,2,160,0,0
14897.0,22,3,746.3199999999999,33,248.7733333333333,3,244,1,1
14898.0,103,5,1011.3,60,202.26,5,236,0,1
14901.0,1,8,1226.47,65,153.30875,8,340,1,1
14903.0,94,4,2411.82,195,602.955,4,154,0,1
14905.0,127,2,616.15,14,308.075,2,76,0,0
14907.0,68,5,2608.18,110,521.636,4,268,0,1
14908.0,43,1,277.8,9,277.8,1,0,0,0
14910.0,1,2,316.05,18,158.025,2,23,2,1
14911.0,1,163,116932.36,1633,717.3764417177914,109,341,26,1
14912.0,216,1,482.78999999999996,14,482.78999999999996,1,0,0,1
14913.0,5,4,1227.43,76,306.8575,4,323,1,0
14915.0,60,2,307.48,12,153.74,2,186,0,0
14916.0,40,4,1268.98,72,317.245,4,253,0,0
14918.0,85,2,1610.15,39,805.075,2,38,0,0
14920.0,182,2,977.77,57,488.885,1,0,0,0
14921.0,170,1,903.01,53,903.01,1,0,0,1
14923.0,20,1,749.1,44,749.1,1,0,1,0
14924.0,215,1,310.05,10,310.05,1,0,0,0
14929.0,1,1,223.88,11,223.88,1,0,1,0
14930.0,78,3,2372.86,116,790.9533333333334,2,165,0,0
14931.0,44,3,847.65,27,282.55,3,166,0,1
14932.0,335,1,363.53,17,363.53,1,0,0,0
14934.0,51,2,1890.94,68,945.47,2,200,0,0
14935.0,266,1,1784.71,10,1784.71,1,0,0,0
14936.0,3,8,8137.02,210,1017.1275,5,241,2,0
14937.0,26,3,1621.88,33,540.6266666666667,2,73,2,0
14944.0,46,9,4922.51,96,546.9455555555555,6,219,0,1
14947.0,41,2,290.82,14,145.41,2,58,0,0
14948.0,40,5,834.27,45,166.85399999999998,5,147,0,1
14951.0,48,1,311.69,20,311.69,1,0,0,0
14952.0,29,11,8099.49,117,736.3172727272727,8,304,2,0
14957.0,222,1,58.49,12,58.49,1,0,0,0
14958.0,116,3,499.68,33,166.56,3,98,0,0
14959.0,33,4,695.42,37,173.855,4,232,0,0
14960.0,140,1,88.3,2,88.3,1,0,0,1
14961.0,50,8,5899.93,175,737.49125,7,279,0,1
14962.0,240,1,126.7,5,126.7,1,0,0,0
14963.0,3,3,918.74,113,306.24666666666667,3,150,2,1
14964.0,216,1,206.21,13,206.21,1,0,0,0
14965.0,65,2,599.0,80,299.5,1,0,0,0
14967.0,19,1,463.8,6,463.8,1,0,1,0
14970.0,37,4,1592.06,24,398.015,4,248,0,0
14971.0,4,3,1116.57,144,372.19,2,8,3,0
14972.0,97,1,114.77,18,114.77,1,0,0,0
14973.0,76,3,1314.45,29,438.15000000000003,3,118,0,0
14974.0,6,1,114.39,17,114.39,1,0,1,0
14975.0,26,1,279.94,11,279.94,1,0,1,0
14976.0,26,7,790.86,47,112.98,5,269,3,0
14978.0,41,5,1931.42,136,386.284,5,258,0,0
14981.0,215,1,102.12,8,102.12,1,0,0,0
14984.0,150,1,110.17999999999999,16,110.17999999999999,1,0,0,1
14985.0,167,2,296.75,78,148.375,2,159,0,0
14987.0,335,1,163.2,2,163.2,1,0,0,1
14988.0,181,1,334.54,40,334.54,1,0,0,0
14995.0,8,2,233.23000000000002,53,116.61500000000001,2,241,1,0
14997.0,15,3,546.1999999999999,25,182.06666666666663,3,131,1,0
14998.0,139,2,429.87,70,214.935,2,71,0,0
15000.0,17,1,490.52,76,490.52,1,0,1,0
15002.0,85,4,1641.76,93,410.44,4,251,0,0
15004.0,116,1,1246.32,154,1246.32,1,0,0,0
15005.0,1,26,5787.4,346,222.59230769230768,26,334,3,1
15006.0,20,1,502.09,121,502.09,1,0,1,0
15007.0,128,1,156.91,12,156.91,1,0,0,0
15010.0,5,1,308.94,20,308.94,1,0,1,0
15012.0,23,2,423.04,110,211.52,2,319,1,0
15014.0,12,2,260.17,29,130.085,2,133,1,0
15016.0,142,1,170.04,20,170.04,1,0,0,0
15017.0,3,1,125.58,20,125.58,1,0,1,0
15018.0,8,3,496.21000000000004,30,165.40333333333334,3,329,1,0
15019.0,236,1,266.0,64,266.0,1,0,0,0
15021.0,55,6,1428.41,250,238.06833333333336,6,280,0,1
15022.0,16,1,353.23,38,353.23,1,0,1,1
15023.0,8,10,6111.12,305,611.112,10,330,2,1
15024.0,29,7,1067.73,80,152.53285714285715,5,307,2,1
15025.0,2,1,377.01,66,377.01,1,0,1,0
15026.0,49,3,469.0,57,156.33333333333334,3,197,0,0
15027.0,0,4,1066.1499999999999,30,266.53749999999997,4,207,1,0
15028.0,12,3,512.43,34,170.80999999999997,2,325,2,1
15030.0,41,2,518.28,7,259.14,2,196,0,0
15031.0,79,2,261.79,42,130.895,2,172,0,1
15032.0,225,3,4959.1,29,1653.0333333333335,2,110,0,0
15033.0,8,8,2137.44,273,267.18,8,290,2,1
15034.0,39,6,3298.86,239,549.8100000000001,5,283,0,1
15035.0,59,1,252.73000000000002,26,252.73000000000002,1,0,0,0
15036.0,41,3,465.55,107,155.18333333333334,3,107,0,0
15038.0,28,6,705.49,105,117.58166666666666,6,311,1,0
15039.0,1,44,19486.44,398,442.8736363636363,39,337,3,1
15041.0,139,1,180.35,66,180.35,1,0,0,0
15042.0,168,1,135.93,5,135.93,1,0,0,0
15043.0,0,1,537.0,3,537.0,1,0,1,0
15044.0,8,16,6833.26,198,427.07875,14,322,1,1
15045.0,121,2,735.66,11,367.83,2,105,0,0
15046.0,15,13,4444.88,135,341.9138461538462,13,291,1,1
15047.0,239,1,343.62,22,343.62,1,0,0,0
15048.0,34,4,384.05,86,96.0125,4,303,0,0
15049.0,243,1,121.17000000000002,3,121.17000000000002,1,0,0,0
15050.0,40,2,1323.18,50,661.59,1,0,0,1
15051.0,18,2,1145.93,103,572.965,2,100,1,1
15052.0,288,1,215.78,27,215.78,1,0,0,0
15053.0,125,2,478.6,28,239.3,2,125,0,1
15054.0,9,1,168.42,65,168.42,1,0,1,1
15057.0,244,2,1489.5,25,744.75,2,40,0,0
15058.0,19,9,1644.04,147,182.67111111111112,7,262,1,1
15059.0,10,9,1337.72,161,148.63555555555556,7,293,2,0
15061.0,4,45,46967.479999999996,70,1043.7217777777778,26,336,2,1
15062.0,40,4,987.86,47,246.965,4,288,0,0
15063.0,182,1,370.79999999999995,5,370.79999999999995,1,0,0,0
15065.0,7,4,3158.13,148,789.5325,4,253,1,0
15066.0,22,1,893.59,42,893.59,1,0,1,0
15067.0,47,3,1744.76,82,581.5866666666667,2,204,0,0
15068.0,15,2,553.36,96,276.68,2,210,1,0
15069.0,148,1,1109.53,70,1109.53,1,0,0,0
15070.0,342,1,106.2,1,106.2,1,0,0,0
15071.0,63,2,982.07,25,491.035,2,182,0,0
15073.0,155,2,861.96,22,430.98,2,1,0,1
15074.0,74,1,748.87,41,748.87,1,0,0,0
15075.0,47,1,773.03,27,773.03,1,0,0,0
15076.0,142,1,880.85,49,880.85,1,0,0,0
15078.0,3,28,8612.470000000001,83,307.58821428571434,18,335,4,1
15079.0,182,4,895.61,46,223.9025,3,153,0,0
15081.0,35,4,416.55,23,104.1375,4,301,0,1
15083.0,226,1,88.2,5,88.2,1,0,0,0
15087.0,251,1,306.94,15,306.94,1,0,0,0
15088.0,36,1,864.19,40,864.19,1,0,0,1
15089.0,14,4,2182.93,126,545.7325,4,83,1,1
15090.0,277,1,381.32,23,381.32,1,0,0,0
15091.0,37,1,480.71,30,480.71,1,0,0,0
15092.0,184,2,457.81,23,228.905,2,68,0,0
15093.0,86,5,4027.1,51,805.42,5,255,0,1
15095.0,73,4,1370.6,30,342.65,3,99,0,0
15096.0,12,1,219.39000000000001,11,219.39000000000001,1,0,1,0
15098.0,151,3,39916.5,1,13305.5,1,0,0,0
15099.0,53,1,410.48,23,410.48,1,0,0,0
15100.0,303,3,876.0,1,292.0,3,40,0,0
15101.0,328,1,102.28,4,102.28,1,0,0,1
15103.0,0,2,703.36,35,351.68,2,55,1,0
15104.0,166,2,1027.44,66,513.72,2,85,0,0
15105.0,36,4,1717.57,74,429.3925,3,67,0,1
15106.0,34,4,1302.46,86,325.615,4,204,0,1
15107.0,280,6,319.5,12,53.25,6,61,0,0
15108.0,111,4,1300.25,50,325.0625,4,85,0,0
15109.0,215,1,484.95,28,484.95,1,0,0,0
15110.0,14,3,680.4000000000001,16,226.80000000000004,3,273,1,1
15111.0,36,2,1237.8,60,618.9,2,305,0,1
15113.0,23,1,2242.69,68,2242.69,1,0,1,1
15114.0,40,9,2252.28,112,250.25333333333336,9,230,0,1
15116.0,27,3,1202.75,32,400.9166666666667,3,147,1,1
15117.0,19,3,1202.03,57,400.6766666666667,3,165,1,1
15118.0,103,1,244.8,1,244.8,1,0,0,0
15119.0,215,1,266.4,14,266.4,1,0,0,0
15120.0,103,1,358.82,21,358.82,1,0,0,0
15121.0,19,2,457.72,28,228.86,2,238,1,0
15122.0,83,3,1633.78,65,544.5933333333334,3,183,0,0
15123.0,175,1,1069.47,53,1069.47,1,0,0,1
15124.0,161,1,90.75,9,90.75,1,0,0,1
15125.0,30,14,11170.48,101,797.8914285714285,9,210,0,1
15127.0,35,1,406.53,16,406.53,1,0,0,0
15128.0,29,4,1471.0,74,367.75,4,159,1,0
15129.0,19,11,3447.4,54,313.40000000000003,10,241,1,0
15130.0,139,1,330.11,22,330.11,1,0,0,0
15132.0,25,4,948.4300000000001,49,237.10750000000002,4,206,1,1
15133.0,97,3,982.42,27,327.4733333333333,3,174,0,0
15134.0,0,7,1236.6100000000001,43,176.65857142857143,7,210,2,1
15135.0,208,1,139.05,9,139.05,1,0,0,0
15136.0,65,1,582.9,29,582.9,1,0,0,1
15139.0,209,2,178.96,13,89.48,2,96,0,0
15140.0,21,7,2354.25,74,336.32142857142856,6,211,1,0
15142.0,15,1,498.74,26,498.74,1,0,1,0
15143.0,195,1,259.45,14,259.45,1,0,0,0
15144.0,12,15,5358.3,120,357.22,12,269,3,1
15145.0,13,3,1036.37,46,345.45666666666665,3,204,1,1
15146.0,134,2,1327.16,90,663.58,2,126,0,0
15147.0,209,1,623.5,28,623.5,1,0,0,0
15149.0,103,1,520.8000000000001,23,520.8000000000001,1,0,0,0
15150.0,2,9,5021.88,273,557.9866666666667,9,236,2,1
15152.0,18,9,3328.54,144,369.8377777777778,9,137,1,1
15153.0,0,1,329.25,22,329.25,1,0,1,0
15154.0,44,1,296.42,66,296.42,1,0,0,0
15156.0,3,1,317.8,20,317.8,1,0,1,1
15157.0,123,2,1505.37,89,752.685,2,203,0,1
15158.0,14,1,401.40000000000003,7,401.40000000000003,1,0,1,0
15159.0,19,25,14542.02,311,581.6808,15,310,2,1
15160.0,326,1,158.16,4,158.16,1,0,0,0
15163.0,161,1,155.0,10,155.0,1,0,0,1
15164.0,38,3,843.05,79,281.01666666666665,3,270,0,0
15165.0,342,1,487.75,27,487.75,1,0,0,0
15167.0,290,1,163.0,39,163.0,1,0,0,0
15171.0,300,1,1289.5,5,1289.5,1,0,0,0
15172.0,39,4,1247.95,82,311.9875,4,166,0,1
15174.0,292,1,135.75,11,135.75,1,0,0,0
15175.0,41,1,224.14,23,224.14,1,0,0,0
15178.0,229,1,40.5,3,40.5,1,0,0,0
15179.0,23,4,1643.67,58,410.9175,4,265,1,1
15180.0,336,1,87.5,6,87.5,1,0,0,0
15181.0,35,3,689.4799999999999,11,229.82666666666663,3,203,0,0
15182.0,123,2,622.85,24,311.425,2,114,0,0
15184.0,160,1,235.23000000000002,20,235.23000000000002,1,0,0,1
15185.0,39,1,310.62,21,310.62,1,0,0,0
15186.0,137,1,229.26,10,229.26,1,0,0,1
15187.0,0,10,2993.06,49,299.306,9,181,2,1
15189.0,0,35,13771.57,79,393.47342857142854,32,301,2,1
15192.0,89,3,1044.32,36,348.1066666666666,3,245,0,0
15193.0,30,1,499.32,19,499.32,1,0,0,0
15194.0,1,14,6909.89,194,493.56357142857144,14,336,1,1
15197.0,222,2,773.25,15,386.625,2,105,0,1
15198.0,61,2,193.64,10,96.82,2,31,0,0
15199.0,28,4,1268.7,5,317.175,4,249,1,0
15201.0,56,5,1236.54,35,247.308,4,160,0,0
15203.0,49,5,1517.72,75,303.544,5,231,0,1
15204.0,326,1,316.58,9,316.58,1,0,0,0
15205.0,54,2,653.24,37,326.62,2,42,0,0
15206.0,69,3,236.7,3,78.89999999999999,3,176,0,1
15208.0,0,4,662.52,25,165.63,4,322,1,1
15210.0,194,1,331.18,20,331.18,1,0,0,0
15211.0,29,2,894.4100000000001,52,447.20500000000004,2,304,1,0
15212.0,210,1,101.8,5,101.8,1,0,0,0
15213.0,288,2,328.35,22,164.175,2,11,0,0
15214.0,8,5,1244.55,82,248.91,5,204,1,1
15215.0,16,3,734.94,33,244.98000000000002,2,49,2,0
15216.0,57,1,96.6,2,96.6,1,0,0,0
15218.0,23,10,4949.21,73,494.921,8,264,1,1
15219.0,145,1,305.75,9,305.75,1,0,0,0
15220.0,21,6,1778.96,110,296.49333333333334,6,229,1,0
15221.0,335,1,403.25,5,403.25,1,0,0,0
15222.0,288,1,585.0,5,585.0,1,0,0,0
15223.0,195,2,755.75,14,377.875,2,23,0,0
15224.0,327,2,322.08,13,161.04,2,4,0,0
15225.0,203,1,409.40000000000003,23,409.40000000000003,1,0,0,0
15226.0,280,1,154.41,8,154.41,1,0,0,0
15227.0,6,5,1219.4,43,243.88000000000002,4,280,2,0
15228.0,35,4,3386.71,110,846.6775,4,228,0,0
15230.0,208,2,429.6,23,214.8,2,1,0,0
15232.0,82,2,612.06,26,306.03,2,27,0,0
15234.0,246,1,197.0,14,197.0,1,0,0,0
15235.0,187,12,2247.51,132,187.29250000000002,10,155,0,0
15236.0,268,1,321.05,15,321.05,1,0,0,0
15237.0,47,3,1328.72,89,442.9066666666667,3,149,0,1
15238.0,64,2,772.78,37,386.39,2,88,0,1
15239.0,48,1,461.79,30,461.79,1,0,0,1
15240.0,14,5,1706.57,58,341.31399999999996,5,267,1,0
15241.0,36,8,1756.44,82,219.555,8,216,0,0
15243.0,43,1,316.68,22,316.68,1,0,0,0
15244.0,34,2,631.57,31,315.785,2,182,0,0
15245.0,103,3,2515.84,55,838.6133333333333,3,127,0,0
15246.0,207,2,514.15,32,257.075,2,120,0,0
15247.0,91,1,356.0,6,356.0,1,0,0,0
15249.0,1,13,6688.46,211,514.496923076923,12,224,1,0
15251.0,10,10,10121.11,94,1012.1110000000001,9,201,2,1
15252.0,5,2,740.78,44,370.39,2,146,1,0
15253.0,58,3,640.6,37,213.53333333333333,2,81,0,1
15254.0,96,1,300.36,18,300.36,1,0,0,0
15255.0,36,1,890.85,47,890.85,1,0,0,0
15256.0,118,1,98.45,6,98.45,1,0,0,0
15257.0,252,1,317.15,7,317.15,1,0,0,0
15258.0,138,2,623.16,32,311.58,2,48,0,0
15260.0,69,7,1810.77,62,258.68142857142857,6,272,0,0
15261.0,104,1,254.82,19,254.82,1,0,0,0
15262.0,293,1,178.95000000000002,10,178.95000000000002,1,0,0,0
15263.0,76,1,156.51,12,156.51,1,0,0,0
15264.0,33,1,393.74,23,393.74,1,0,0,0
15265.0,120,2,1506.1200000000001,76,753.0600000000001,2,84,0,0
15266.0,307,1,119.3,6,119.3,1,0,0,0
15267.0,12,4,1587.76,8,396.94,4,140,2,1
15270.0,87,5,1850.29,21,370.058,4,192,0,1
15271.0,6,13,2131.85,180,163.98846153846154,13,328,3,1
15272.0,26,2,721.94,63,360.97,2,28,1,0
15275.0,7,1,615.14,41,615.14,1,0,1,0
15276.0,35,1,135.31,49,135.31,1,0,0,0
15277.0,16,1,255.89999999999998,12,255.89999999999998,1,0,1,0
15279.0,324,1,290.51,19,290.51,1,0,0,0
15280.0,141,1,113.12,16,113.12,1,0,0,0
15281.0,28,9,2332.15,121,259.1277777777778,9,274,1,0
15286.0,19,1,240.55,3,240.55,1,0,1,0
15287.0,40,1,340.98,15,340.98,1,0,0,1
15288.0,12,5,2306.52,80,461.304,5,322,1,0
15289.0,107,2,697.98,41,348.99,2,111,0,1
15290.0,0,15,6405.51,73,427.034,15,328,2,1
15291.0,1,14,4350.18,61,310.7271428571429,14,341,2,1
15292.0,170,1,180.94,24,180.94,1,0,0,0
15296.0,20,6,3672.86,137,612.1433333333333,6,275,1,0
15297.0,33,1,230.46,14,230.46,1,0,0,1
15298.0,10,9,3834.52,98,426.0577777777778,8,325,2,1
15299.0,36,7,4507.01,7,643.8585714285715,4,304,0,0
15300.0,33,1,496.44,28,496.44,1,0,0,0
15301.0,20,12,5070.35,167,422.5291666666667,10,317,1,0
15303.0,259,1,574.02,31,574.02,1,0,0,0
15304.0,30,8,694.4000000000001,8,86.80000000000001,8,307,0,0
15306.0,33,3,1174.35,57,391.45,3,83,0,0
15307.0,65,1,205.3,12,205.3,1,0,0,0
15308.0,243,1,310.47,19,310.47,1,0,0,0
15311.0,4,80,52797.72,546,659.9715,79,338,8,1
15312.0,44,4,924.85,42,231.2125,4,279,0,0
15313.0,79,1,52.0,1,52.0,1,0,0,0
15314.0,168,1,327.97,24,327.97,1,0,0,0
15315.0,33,2,570.5,35,285.25,2,51,0,0
15316.0,296,1,165.0,1,165.0,1,0,0,0
15319.0,253,1,204.5,16,204.5,1,0,0,0
15320.0,13,1,267.13,36,267.13,1,0,1,0
15321.0,40,3,2748.31,83,916.1033333333334,2,220,0,0
15322.0,55,1,679.68,42,679.68,1,0,0,0
15325.0,73,1,162.29,47,162.29,1,0,0,0
15326.0,303,1,311.71,29,311.71,1,0,0,0
15327.0,22,1,208.75,10,208.75,1,0,1,0
15329.0,8,3,1049.7,51,349.90000000000003,3,132,1,0
15330.0,1,2,714.96,10,357.48,2,28,1,0
15332.0,335,4,1661.06,29,415.265,2,3,0,0
15333.0,177,1,1028.56,16,1028.56,1,0,0,0
15334.0,126,3,351.67,67,117.22333333333334,3,16,0,0
15335.0,23,1,173.97,34,173.97,1,0,1,0
15339.0,35,2,574.07,77,287.035,2,251,0,0
15341.0,50,1,2020.52,17,2020.52,1,0,0,0
15342.0,99,1,406.09,24,406.09,1,0,0,0
15343.0,56,1,364.5,21,364.5,1,0,0,0
15344.0,1,2,460.64,20,230.32,2,42,1,1
15345.0,15,1,393.54,20,393.54,1,0,1,0
15346.0,302,1,252.42000000000002,17,252.42000000000002,1,0,0,0
15347.0,335,1,201.60000000000002,5,201.60000000000002,1,0,0,0
15348.0,41,1,158.04,9,158.04,1,0,0,0
15349.0,127,2,473.81,65,236.905,2,29,0,0
15350.0,342,1,115.65,5,115.65,1,0,0,0
15351.0,2,6,1643.97,114,273.995,6,336,3,1
15353.0,224,2,777.02,59,388.51,2,113,0,0
15355.0,22,1,126.25,8,126.25,1,0,1,1
15356.0,0,10,2766.5,215,276.65,10,336,1,0
15358.0,4,20,7517.14,285,375.857,14,330,2,1
15360.0,9,1,427.93,13,427.93,1,0,1,0
15361.0,331,1,418.92,7,418.92,1,0,0,0
15363.0,342,1,326.0,16,326.0,1,0,0,0
15364.0,65,2,913.19,29,456.595,2,158,0,0
15365.0,51,4,1945.15,56,486.2875,3,233,0,1
15366.0,44,2,602.51,37,301.255,2,282,0,0
15367.0,26,4,1877.59,91,469.3975,3,218,2,0
15370.0,10,7,2386.05,65,340.86428571428576,7,291,2,0
15372.0,106,1,2007.3999999999999,27,2007.3999999999999,1,0,0,0
15373.0,85,9,1686.9,65,187.43333333333334,8,255,0,1
15374.0,98,1,168.0,3,168.0,1,0,0,0
15376.0,9,3,1233.3600000000001,100,411.12000000000006,3,182,1,0
15379.0,138,7,3703.29,145,529.0414285714286,7,189,0,0
15380.0,16,4,1304.96,22,326.24,4,318,1,1
15381.0,183,2,596.85,8,298.425,2,54,0,0
15382.0,54,5,4709.9,174,941.9799999999999,4,210,0,1
15384.0,139,2,642.41,34,321.205,2,189,0,0
15385.0,9,1,316.88,12,316.88,1,0,1,0
15386.0,155,1,394.14,31,394.14,1,0,0,0
15388.0,239,1,140.54,10,140.54,1,0,0,0
15389.0,141,1,500.0,1,500.0,1,0,0,0
15392.0,58,2,665.46,43,332.73,2,271,0,1
15393.0,250,1,124.10000000000001,8,124.10000000000001,1,0,0,1
15394.0,47,3,1854.14,53,618.0466666666667,3,280,0,1
15395.0,295,1,107.45,7,107.45,1,0,0,0
15396.0,82,1,288.18,14,288.18,1,0,0,0
15397.0,259,1,94.0,6,94.0,1,0,0,0
15398.0,47,1,634.85,35,634.85,1,0,0,1
15399.0,48,1,305.17,15,305.17,1,0,0,1
15400.0,61,5,716.2,10,143.24,5,186,0,0
15402.0,118,2,626.77,35,313.385,2,47,0,0
15405.0,158,1,349.1,8,349.1,1,0,0,0
15406.0,0,2,510.71000000000004,51,255.35500000000002,2,269,1,0
15407.0,3,4,1056.44,142,264.11,4,271,1,0
15408.0,233,1,267.18,34,267.18,1,0,0,0
15410.0,53,8,3450.84,48,431.355,8,177,0,0
15411.0,39,3,991.26,52,330.42,3,112,0,1
15412.0,140,1,190.53,10,190.53,1,0,0,0
15414.0,6,2,421.5,21,210.75,2,205,1,1
15415.0,282,1,572.8100000000001,46,572.8100000000001,1,0,0,0
15416.0,34,4,3984.32,165,996.08,4,218,0,0
15417.0,54,1,508.8,28,508.8,1,0,0,0
15421.0,28,4,950.36,40,237.59,3,251,1,0
15422.0,292,2,97.7,6,48.85,1,0,0,0
15423.0,7,1,43.5,2,43.5,1,0,1,0
15424.0,223,2,383.34,17,191.67,1,0,0,0
15426.0,2,4,1001.23,156,250.3075,3,336,2,1
15427.0,2,3,1483.14,233,494.38000000000005,2,13,3,0
15429.0,44,1,243.06,44,243.06,1,0,0,1
15433.0,183,2,533.3,40,266.65,2,53,0,0
15434.0,1,4,890.58,40,222.645,3,168,1,1
15436.0,16,2,859.32,194,429.66,2,186,1,1
15437.0,231,1,200.16,44,200.16,1,0,0,0
15438.0,100,1,156.57999999999998,25,156.57999999999998,1,0,0,0
15440.0,24,3,383.68,50,127.89333333333333,3,154,1,0
15442.0,218,1,594.0,2,594.0,1,0,0,0
15443.0,14,4,1677.03,157,419.2575,4,274,1,1
15444.0,9,1,342.9,67,342.9,1,0,1,1
15445.0,233,1,113.5,5,113.5,1,0,0,0
15447.0,300,1,155.17,9,155.17,1,0,0,0
15448.0,282,1,494.64,28,494.64,1,0,0,0
15449.0,154,2,647.7,30,323.85,2,76,0,1
15452.0,40,2,413.33,44,206.665,2,192,0,1
15453.0,5,6,1253.09,161,208.84833333333333,6,151,2,1
15454.0,331,1,179.1,23,179.1,1,0,0,0
15456.0,252,3,447.22,48,149.07333333333335,2,75,0,0
15457.0,231,1,237.07,56,237.07,1,0,0,0
15460.0,323,1,216.76,53,216.76,1,0,0,0
15462.0,63,3,234.6,9,78.2,3,92,0,0
15464.0,307,1,1048.85,155,1048.85,1,0,0,0
15465.0,31,17,6568.179999999999,42,386.36352941176466,17,308,0,1
15466.0,54,1,334.53,56,334.53,1,0,0,0
15467.0,114,2,402.56,36,201.28,2,7,0,1
15468.0,20,2,467.51,24,233.755,1,0,2,0
15469.0,19,2,538.55,24,269.275,2,69,1,0
15472.0,82,1,371.56,76,371.56,1,0,0,0
15473.0,27,5,1057.2,4,211.44,2,2,4,1
15475.0,46,1,454.10999999999996,29,454.10999999999996,1,0,0,0
15478.0,9,2,1441.42,34,720.71,2,16,2,0
15480.0,85,1,905.5,45,905.5,1,0,0,0
15482.0,5,8,4779.1,27,597.3875,7,322,4,1
15483.0,130,4,233.81,74,58.4525,2,105,0,0
15484.0,26,2,2030.68,111,1015.34,2,21,1,1
15485.0,305,2,1278.63,33,639.315,2,37,0,1
15488.0,62,1,91.32000000000001,2,91.32000000000001,1,0,0,0
15489.0,27,2,790.9,41,395.45,2,153,1,1
15491.0,64,6,3100.09,108,516.6816666666667,5,140,0,0
15492.0,43,1,487.74,28,487.74,1,0,0,1
15493.0,2,5,2001.8,177,400.36,4,238,2,0
15494.0,90,1,1127.38,87,1127.38,1,0,0,1
15497.0,289,1,970.6,10,970.6,1,0,0,1
15498.0,12,25,11788.8,322,471.55199999999996,15,323,4,1
15500.0,50,1,406.02,18,406.02,1,0,0,1
15502.0,36,10,9736.98,162,973.698,6,302,0,1
15503.0,332,1,147.09,66,147.09,1,0,0,0
15504.0,50,1,52.83,13,52.83,1,0,0,0
15505.0,22,5,3610.96,90,722.192,5,102,1,0
15506.0,15,2,514.41,68,257.205,2,93,1,1
15507.0,141,1,492.36,41,492.36,1,0,0,0
15508.0,158,6,1000.27,78,166.71166666666667,4,46,0,0
15510.0,300,1,250.0,1,250.0,1,0,0,0
15511.0,7,4,744.3,104,186.075,4,47,3,1
15512.0,125,2,121.0,7,60.5,2,203,0,0
15513.0,2,19,14758.220000000001,183,776.7484210526317,15,340,2,0
15514.0,3,8,3147.03,72,393.37875,5,330,2,1
15516.0,14,3,62.43,15,20.81,2,1,3,0
15517.0,202,1,267.03,27,267.03,1,0,0,0
15518.0,33,8,1942.45,135,242.80625,7,268,0,0
15521.0,9,8,3000.2,116,375.025,6,214,1,0
15522.0,2,2,398.84,47,199.42,2,54,1,0
15523.0,53,1,412.01000000000005,10,412.01000000000005,1,0,0,0
15525.0,342,1,313.93,44,313.93,1,0,0,1
15526.0,2,2,148.44,4,74.22,1,0,2,0
15527.0,8,7,2249.44,94,321.34857142857146,7,315,1,1
15528.0,223,1,229.33,26,229.33,1,0,0,0
15529.0,36,10,3643.69,389,364.369,10,299,0,1
15530.0,119,3,1168.73,77,389.57666666666665,3,97,0,1
15532.0,100,3,1225.79,165,408.59666666666664,3,226,0,1
15533.0,51,2,554.74,41,277.37,2,6,0,1
15535.0,142,4,536.4,55,134.1,3,154,0,0
15537.0,132,1,110.92,24,110.92,1,0,0,0
15541.0,83,1,85.13000000000001,29,85.13000000000001,1,0,0,0
15543.0,257,1,127.86,26,127.86,1,0,0,0
15544.0,89,7,2772.37,95,396.05285714285714,7,252,0,1
15545.0,23,2,292.71999999999997,78,146.35999999999999,2,316,1,0
15547.0,9,13,4432.43,388,340.9561538461539,11,322,1,1
15549.0,46,3,1693.26,104,564.42,3,239,0,0
15550.0,75,3,433.28,36,144.42666666666665,3,195,0,1
15551.0,6,1,436.06,29,436.06,1,0,1,0
15552.0,186,1,90.12,17,90.12,1,0,0,0
15553.0,29,1,437.23,51,437.23,1,0,1,0
15554.0,247,1,217.2,14,217.2,1,0,0,0
15555.0,3,14,4022.15,363,287.2964285714286,14,335,2,1
15561.0,119,3,449.66999999999996,16,149.89,2,65,0,1
15562.0,321,1,134.55,1,134.55,1,0,0,0
15563.0,170,2,735.62,55,367.81,2,158,0,1
15565.0,19,2,173.16,8,86.58,2,20,1,0
15568.0,14,2,422.52,26,211.26,2,28,1,1
15569.0,73,5,1375.71,27,275.142,4,228,0,0
15570.0,5,10,3785.5,223,378.55,10,333,1,1
15571.0,3,2,398.78000000000003,42,199.39000000000001,2,44,1,1
15572.0,79,4,1555.29,109,388.8225,3,168,0,1
15573.0,1,2,607.45,88,303.725,2,53,1,0
15574.0,147,4,702.25,131,175.5625,3,194,0,0
15576.0,7,1,940.6700000000001,43,940.6700000000001,1,0,1,0
15577.0,120,3,258.88,39,86.29333333333334,2,154,0,0
15578.0,131,1,127.1,13,127.1,1,0,0,0
15579.0,38,2,348.6,45,174.3,2,245,0,0
15581.0,90,13,3679.9700000000003,134,283.0746153846154,12,245,0,0
15582.0,69,2,541.51,33,270.755,2,120,0,1
15584.0,17,3,581.05,81,193.6833333333333,3,114,1,1
15585.0,146,1,455.3,31,455.3,1,0,0,0
15587.0,19,4,913.6800000000001,3,228.42000000000002,4,301,1,0
15589.0,225,3,478.53000000000003,28,159.51000000000002,2,54,0,0
15592.0,16,1,388.58,24,388.58,1,0,1,0
15593.0,40,1,199.8,5,199.8,1,0,0,0
15594.0,51,3,1506.43,81,502.1433333333334,3,153,0,1
15596.0,70,5,1406.59,51,281.318,5,264,0,0
15597.0,4,1,324.57,22,324.57,1,0,1,0
15598.0,22,1,240.68,14,240.68,1,0,1,0
15599.0,173,1,448.83,29,448.83,1,0,0,1
15601.0,25,13,6598.16,230,507.5507692307692,13,316,1,1
15602.0,40,6,945.19,26,157.53166666666667,6,297,0,1
15603.0,48,1,48.480000000000004,2,48.480000000000004,1,0,0,0
15604.0,21,1,216.39,17,216.39,1,0,1,0
15605.0,5,5,1198.23,61,239.64600000000002,5,337,1,0
15606.0,30,9,2920.16,48,324.4622222222222,9,263,0,0
15607.0,306,1,104.76,13,104.76,1,0,0,0
15608.0,29,3,971.28,58,323.76,2,60,2,1
15609.0,153,1,298.48,16,298.48,1,0,0,0
15610.0,21,1,112.46000000000001,6,112.46000000000001,1,0,1,0
15611.0,12,11,1340.3400000000001,21,121.84909090909092,10,291,1,1
15612.0,5,2,195.15,4,97.575,2,25,1,0
15615.0,0,22,9360.65,181,425.48409090909087,16,327,2,1
15618.0,2,4,776.851,39,194.21275,3,103,1,0
15620.0,26,3,1553.18,92,517.7266666666667,3,301,1,0
15622.0,12,9,3709.56,169,412.17333333333335,5,239,1,0
15623.0,110,1,301.03,19,301.03,1,0,0,0
15624.0,86,4,588.13,26,147.0325,4,139,0,0
15625.0,73,4,1534.26,44,383.565,4,131,0,0
15626.0,44,2,675.8,49,337.9,2,254,0,0
15628.0,16,7,2363.36,81,337.6228571428572,7,320,1,1
15630.0,14,2,1186.35,57,593.175,2,159,1,0
15632.0,33,7,2978.96,99,425.5657142857143,7,211,0,1
15636.0,59,2,724.76,20,362.38,2,192,0,0
15637.0,22,1,223.36,15,223.36,1,0,1,0
15639.0,103,1,425.32,25,425.32,1,0,0,0
15640.0,5,13,10442.32,229,803.2553846153846,13,336,1,1
15641.0,74,4,1887.2,102,471.8,4,253,0,0
15643.0,161,3,664.0,31,221.33333333333334,2,90,0,0
15644.0,135,4,813.0,166,203.25,3,94,0,0
15646.0,127,3,447.64000000000004,35,149.21333333333334,3,214,0,0
15648.0,173,2,657.35,23,328.675,2,62,0,0
15649.0,305,2,816.0,1,408.0,2,31,0,0
15651.0,6,3,646.3,27,215.4333333333333,2,223,2,0
15652.0,60,1,337.74,21,337.74,1,0,0,0
15653.0,62,2,877.4399999999999,4,438.71999999999997,2,23,0,0
15655.0,212,1,560.67,34,560.67,1,0,0,0
15656.0,14,4,748.5,46,187.125,4,238,1,0
15658.0,159,5,1024.1000000000001,40,204.82000000000002,5,182,0,0
15659.0,13,1,306.45,11,306.45,1,0,1,0
15660.0,54,7,1256.5,48,179.5,5,280,0,1
15661.0,286,2,309.8,4,154.9,2,21,0,0
15663.0,75,1,138.14,9,138.14,1,0,0,0
15664.0,20,1,386.43,17,386.43,1,0,1,0
15665.0,137,2,2242.01,92,1121.005,2,74,0,0
15667.0,9,1,301.32,13,301.32,1,0,1,0
15668.0,187,1,76.32000000000001,1,76.32000000000001,1,0,0,0
15669.0,9,4,684.34,31,171.085,4,223,1,0
15670.0,266,1,173.05,12,173.05,1,0,0,0
15671.0,64,5,1972.89,47,394.57800000000003,5,176,0,1
15673.0,57,4,2881.02,107,720.255,4,238,0,0
15674.0,42,5,2446.6,88,489.32,5,181,0,0
15675.0,50,3,323.69,20,107.89666666666666,3,198,0,0
15676.0,4,2,3267.84,191,1633.92,2,248,1,1
15677.0,18,1,657.23,33,657.23,1,0,1,0
15678.0,22,1,352.7,12,352.7,1,0,1,0
15679.0,123,2,260.26,18,130.13,2,28,0,1
15680.0,9,2,1021.71,54,510.855,2,325,1,1
15681.0,152,3,703.22,22,234.40666666666667,2,97,0,1
15683.0,86,1,193.75,10,193.75,1,0,0,0
15687.0,34,6,2241.18,91,373.53,6,264,0,1
15689.0,89,2,254.1,8,127.05,2,241,0,0
15690.0,70,1,111.0,8,111.0,1,0,0,1
15691.0,221,1,136.8,2,136.8,1,0,0,0
15694.0,36,10,4716.04,27,471.604,10,306,0,1
15695.0,236,2,409.98,22,204.99,1,0,0,0
15696.0,2,8,2736.46,140,342.0575,8,293,1,0
15700.0,141,2,696.68,85,348.34,2,1,0,0
15701.0,37,3,1223.2,170,407.73333333333335,3,42,0,1
15703.0,234,1,211.5,5,211.5,1,0,0,0
15704.0,109,4,2293.62,79,573.405,3,75,0,0
15705.0,170,1,143.1,6,143.1,1,0,0,0
15706.0,33,4,1060.56,50,265.14,4,52,0,0
15707.0,4,4,945.58,126,236.395,4,51,2,0
15708.0,10,7,3364.2400000000002,124,480.6057142857143,7,328,1,0
15709.0,253,1,133.25,6,133.25,1,0,0,0
15712.0,40,4,865.9100000000001,33,216.47750000000002,4,216,0,1
15713.0,112,2,356.7,18,178.35,2,222,0,0
15714.0,47,1,132.48000000000002,5,132.48000000000002,1,0,0,1
15716.0,115,4,1118.81,101,279.7025,4,223,0,0
15717.0,203,1,150.3,7,150.3,1,0,0,0
15719.0,2,13,5045.61,299,388.1238461538461,13,304,1,0
15722.0,5,5,2222.56,45,444.512,4,254,2,0
15723.0,334,1,203.1,37,203.1,1,0,0,0
15724.0,170,2,218.25,11,109.125,2,83,0,0
15727.0,76,6,4609.29,191,768.215,6,251,0,1
15729.0,182,1,85.0,5,85.0,1,0,0,0
15730.0,35,3,1120.88,68,373.6266666666667,3,140,0,0
15732.0,181,2,294.12,13,147.06,2,159,0,0
15733.0,252,1,162.3,10,162.3,1,0,0,0
15734.0,84,2,1339.45,25,669.725,2,85,0,0
15737.0,48,6,1081.51,55,180.25166666666667,5,163,0,1
15738.0,12,15,4495.52,45,299.70133333333337,14,329,1,1
15739.0,35,1,449.12,8,449.12,1,0,0,0
15740.0,18,1,154.88,9,154.88,1,0,1,0
15743.0,6,3,571.61,54,190.53666666666666,3,147,1,1
15744.0,47,1,34.8,3,34.8,1,0,0,0
15745.0,3,3,917.28,50,305.76,3,202,1,1
15746.0,103,1,196.88,28,196.88,1,0,0,0
15747.0,89,2,549.47,26,274.735,2,52,0,1
15748.0,9,1,149.31,19,149.31,1,0,1,0
15749.0,204,3,44534.3,5,14844.766666666668,2,97,0,0
15750.0,7,6,1937.95,199,322.9916666666667,5,329,1,1
15752.0,9,7,2637.38,236,376.7685714285714,7,333,1,0
15753.0,274,1,79.2,1,79.2,1,0,0,0
15754.0,20,3,458.57,24,152.85666666666665,3,195,1,0
15755.0,43,5,2076.7400000000002,119,415.34800000000007,5,220,0,1
15756.0,30,4,532.96,160,133.24,4,187,0,0
15757.0,35,2,714.42,43,357.21,2,152,0,0
15759.0,187,3,253.04,5,84.34666666666666,3,139,0,0
15762.0,34,2,583.75,37,291.875,2,12,0,0
15763.0,1,2,1086.92,58,543.46,2,45,1,0
15764.0,57,6,3279.97,150,546.6616666666666,4,188,0,0
15766.0,33,1,315.06,11,315.06,1,0,0,0
15768.0,85,3,621.8299999999999,23,207.27666666666664,3,110,0,0
15769.0,0,25,52848.72,26,2113.9488,21,340,3,1
15774.0,38,1,270.8,25,270.8,1,0,0,0
15775.0,214,1,104.9,7,104.9,1,0,0,0
15776.0,102,1,241.62,18,241.62,1,0,0,0
15777.0,210,4,1047.11,18,261.7775,3,120,0,0
15780.0,153,3,475.28000000000003,26,158.42666666666668,3,174,0,0
15781.0,107,2,211.3,11,105.65,2,168,0,1
15782.0,19,2,2164.34,34,1082.17,2,39,1,1
15785.0,2,5,2328.9700000000003,58,465.79400000000004,4,262,1,0
15786.0,15,3,4932.2,257,1644.0666666666666,2,68,2,0
15787.0,30,1,492.05,78,492.05,1,0,0,1
15789.0,327,1,351.3,25,351.3,1,0,0,0
15791.0,13,2,1612.69,66,806.345,2,160,1,0
15793.0,9,2,612.0,5,306.0,2,229,1,1
15795.0,119,1,610.01,42,610.01,1,0,0,0
15796.0,41,6,1887.71,63,314.61833333333334,6,230,0,1
15797.0,82,4,2207.4,8,551.85,4,206,0,0
15799.0,45,3,884.14,94,294.7133333333333,3,258,0,0
15800.0,76,2,699.08,116,349.54,2,139,0,0
15801.0,15,3,1063.95,61,354.65000000000003,3,63,2,0
15802.0,112,1,451.42,1,451.42,1,0,0,0
15803.0,20,1,415.82000000000005,8,415.82000000000005,1,0,1,0
15804.0,6,10,3535.95,162,353.59499999999997,10,161,1,1
15805.0,1,16,5158.08,220,322.38,12,332,4,1
15806.0,15,3,784.58,24,261.5266666666667,3,230,1,0
15807.0,19,3,903.9,48,301.3,2,26,2,0
15808.0,275,4,3734.9700000000003,142,933.7425000000001,4,63,0,0
15809.0,5,5,515.77,31,103.154,5,266,1,0
15810.0,48,4,1391.98,66,347.995,4,218,0,0
15811.0,75,5,1773.8,89,354.76,5,259,0,1
15812.0,76,5,1801.14,36,360.228,5,210,0,0
15813.0,177,2,1303.9099999999999,40,651.9549999999999,2,31,0,0
15814.0,5,3,1577.19,52,525.73,2,14,3,1
15815.0,33,5,2100.6,33,420.12,5,196,0,0
15819.0,18,4,1905.45,96,476.3625,4,227,1,0
15820.0,289,1,206.98,17,206.98,1,0,0,0
15821.0,13,2,570.96,57,285.48,2,17,1,0
15822.0,328,1,440.2,16,440.2,1,0,0,1
15823.0,341,1,15.0,1,15.0,1,0,0,0
15825.0,141,1,532.94,20,532.94,1,0,0,0
15826.0,25,3,1654.31,64,551.4366666666666,2,154,2,0
15827.0,42,14,1836.0900000000001,72,131.14928571428572,11,299,0,0
15829.0,68,2,636.14,44,318.07,2,41,0,0
15830.0,7,1,576.0,39,576.0,1,0,1,0
15831.0,27,3,801.76,63,267.25333333333333,3,265,1,0
15832.0,223,1,836.79,54,836.79,1,0,0,0
15834.0,39,4,2233.75,242,558.4375,3,206,0,0
15835.0,13,4,954.09,47,238.5225,4,286,1,0
15836.0,19,1,137.37,10,137.37,1,0,1,0
15837.0,34,1,391.98,24,391.98,1,0,0,0
15838.0,34,14,28333.58,51,2023.827142857143,13,303,0,1
15839.0,2,3,1048.49,56,349.49666666666667,3,114,1,0
15840.0,28,2,355.56,26,177.78,2,113,1,0
15841.0,42,4,1224.06,36,306.015,4,266,0,0
15843.0,273,1,118.95000000000002,8,118.95000000000002,1,0,0,0
15844.0,15,1,130.73999999999998,11,130.73999999999998,1,0,1,0
15845.0,5,7,3410.48,90,487.2114285714286,7,301,1,1
15847.0,7,2,389.27,22,194.635,2,249,1,0
15850.0,137,1,118.88,41,118.88,1,0,0,1
15852.0,156,2,160.71,22,80.355,2,10,0,0
15853.0,21,1,110.8,29,110.8,1,0,1,0
15854.0,56,10,2839.94,70,283.994,9,275,0,1
15855.0,106,5,712.24,59,142.448,5,126,0,0
15856.0,14,21,13276.87,267,632.2319047619048,19,320,3,1
15858.0,29,4,1247.84,118,311.96,4,307,1,1
15860.0,10,8,977.21,105,122.15125,8,327,1,0
15861.0,15,4,1693.74,237,423.435,3,221,1,1
15862.0,81,3,659.73,98,219.91,3,261,0,1
15863.0,162,1,9.2,2,9.2,1,0,0,1
15864.0,36,4,1478.4,15,369.6,4,249,0,1
15865.0,10,3,895.13,37,298.37666666666667,3,173,1,0
15866.0,70,1,230.53,43,230.53,1,0,0,0
15867.0,39,13,3307.62,265,254.4323076923077,13,299,0,1
15869.0,246,2,149.64,13,74.82,1,0,0,0
15870.0,2,1,354.09000000000003,68,354.09000000000003,1,0,1,0
15874.0,33,7,4405.88,110,629.4114285714286,6,220,0,0
15880.0,338,1,343.28000000000003,95,343.28000000000003,1,0,0,0
15881.0,281,5,501.39000000000004,26,100.278,3,52,0,0
15882.0,168,4,516.36,23,129.09,2,169,0,0
15883.0,2,1,143.76,20,143.76,1,0,1,1
15885.0,62,3,379.35,18,126.45,3,216,0,0
15886.0,29,1,181.09,12,181.09,1,0,1,0
15888.0,50,1,168.31,11,168.31,1,0,0,0
15889.0,126,2,446.87,79,223.435,2,212,0,0
15891.0,196,1,524.52,60,524.52,1,0,0,0
15894.0,222,2,263.55,35,131.775,2,115,0,0
15895.0,119,1,179.17,11,179.17,1,0,0,0
15897.0,163,2,222.05,17,111.025,1,0,0,0
15898.0,196,4,1002.99,67,250.7475,4,141,0,1
15899.0,338,1,56.25,4,56.25,1,0,0,0
15901.0,47,2,233.35,59,116.675,2,77,0,1
15903.0,39,4,2520.36,39,630.09,4,224,0,1
15906.0,37,5,1388.2,98,277.64,4,187,0,1
15907.0,146,2,529.52,93,264.76,2,33,0,1
15909.0,143,1,191.94,7,191.94,1,0,0,0
15910.0,34,6,851.77,167,141.96166666666667,6,251,0,1
15912.0,147,2,264.62,19,132.31,2,54,0,0
15916.0,46,6,967.4300000000001,71,161.23833333333334,5,289,0,1
15917.0,217,1,123.1,12,123.1,1,0,0,0
15918.0,160,2,334.23,33,167.115,2,80,0,0
15919.0,338,1,270.72,38,270.72,1,0,0,1
15920.0,123,4,167.5,53,41.875,1,0,0,0
15921.0,142,1,336.03000000000003,24,336.03000000000003,1,0,0,0
15922.0,342,1,369.5,11,369.5,1,0,0,0
15923.0,342,1,127.08,21,127.08,1,0,0,0
15925.0,163,1,207.15,12,207.15,1,0,0,0
15930.0,36,1,426.63,21,426.63,1,0,0,0
15932.0,57,7,2195.65,76,313.6642857142857,7,200,0,1
15933.0,40,2,728.27,44,364.135,2,15,0,1
15935.0,208,2,416.86,12,208.43,2,2,0,0
15937.0,33,1,145.35,7,145.35,1,0,0,0
15938.0,81,5,404.58,13,80.916,5,211,0,0
15939.0,59,15,6115.01,28,407.6673333333334,14,241,0,0
15940.0,280,1,35.8,1,35.8,1,0,0,0
15942.0,103,1,337.44,14,337.44,1,0,0,0
15944.0,246,1,325.1,6,325.1,1,0,0,0
15945.0,334,1,181.0,2,181.0,1,0,0,0
15947.0,52,1,1708.24,29,1708.24,1,0,0,0
15948.0,13,1,644.24,40,644.24,1,0,1,1
15949.0,40,1,237.04000000000002,12,237.04000000000002,1,0,0,1
15950.0,1,4,1765.51,86,441.3775,4,327,1,0
15951.0,255,1,375.16999999999996,22,375.16999999999996,1,0,0,1
15952.0,3,4,806.57,65,201.6425,4,191,1,0
15953.0,16,6,1239.6399999999999,52,206.60666666666665,6,321,1,1
15955.0,12,13,3845.28,121,295.79076923076923,9,329,2,1
15957.0,1,1,428.89,40,428.89,1,0,1,0
15958.0,43,1,104.35,7,104.35,1,0,0,0
15963.0,14,1,280.04,18,280.04,1,0,1,1
15965.0,336,1,156.19,16,156.19,1,0,0,1
15967.0,288,1,173.8,32,173.8,1,0,0,1
15969.0,19,2,531.1,16,265.55,2,135,1,1
15970.0,273,1,314.1,11,314.1,1,0,0,0
15971.0,22,11,3995.85,10,363.2590909090909,10,258,2,1
15973.0,336,1,307.82000000000005,4,307.82000000000005,1,0,0,0
15974.0,8,7,3442.15,141,491.7357142857143,7,249,1,0
15975.0,53,1,371.01,24,371.01,1,0,0,0
15976.0,134,2,430.94,83,215.47,2,54,0,0
15977.0,8,1,355.63,28,355.63,1,0,1,1
15978.0,46,1,1098.78,49,1098.78,1,0,0,0
15980.0,58,3,2398.86,40,799.62,2,165,0,0
15981.0,46,7,2849.88,51,407.1257142857143,7,233,0,1
15983.0,330,3,1148.27,57,382.75666666666666,3,13,0,1
15984.0,40,8,2091.96,179,261.495,8,297,0,1
15985.0,92,2,1142.42,29,571.21,2,113,0,0
15987.0,90,6,1206.42,64,201.07000000000002,5,248,0,1
15990.0,13,2,792.11,52,396.055,2,243,1,0
15993.0,2,3,1725.36,296,575.12,2,10,3,1
15994.0,24,1,427.07,31,427.07,1,0,1,0
15996.0,57,6,1060.68,103,176.78,6,277,0,0
15998.0,6,5,3089.97,370,617.9939999999999,5,325,1,0
16003.0,104,3,1793.9,56,597.9666666666667,3,224,0,1
16005.0,152,2,298.08,77,149.04,2,88,0,1
16006.0,180,1,101.4,8,101.4,1,0,0,0
16007.0,17,4,1701.94,221,425.485,4,167,1,0
16008.0,44,2,330.71,17,165.355,2,129,0,1
16009.0,1,3,933.71,68,311.2366666666667,3,127,2,1
16010.0,215,3,407.5,62,135.83333333333334,3,116,0,0
16011.0,13,14,2712.59,94,193.7564285714286,14,322,1,1
16012.0,4,3,1415.29,87,471.7633333333333,3,119,1,0
16013.0,14,42,31053.76,28,739.375238095238,25,326,4,1
16014.0,7,3,662.38,123,220.79333333333332,3,253,1,0
16015.0,18,1,300.77,80,300.77,1,0,1,1
16016.0,5,6,1213.68,129,202.28,5,330,1,1
16017.0,16,1,211.88,26,211.88,1,0,1,0
16018.0,8,2,408.90000000000003,26,204.45000000000002,2,141,1,0
16019.0,16,9,3786.2400000000002,133,420.6933333333334,9,317,2,0
16020.0,34,1,518.8,26,518.8,1,0,0,1
16022.0,229,1,628.28,68,628.28,1,0,0,0
16023.0,15,3,719.81,90,239.93666666666664,3,220,1,0
16026.0,12,1,236.09,30,236.09,1,0,1,0
16027.0,61,6,934.62,11,155.77,6,210,0,0
16029.0,8,63,81024.84,44,1286.1085714285714,39,335,4,0
16030.0,279,1,331.24,28,331.24,1,0,0,0
16031.0,61,2,548.94,91,274.47,2,154,0,0
16033.0,2,19,8394.53,523,441.81736842105266,17,336,1,1
16034.0,165,3,437.7,18,145.9,3,136,0,0
16036.0,56,2,758.92,55,379.46,2,176,0,0
16037.0,239,3,855.02,37,285.00666666666666,3,88,0,0
16038.0,146,2,393.33,23,196.665,2,24,0,1
16040.0,34,3,1313.55,57,437.84999999999997,3,203,0,0
16041.0,0,3,3166.4,6,1055.4666666666667,2,110,1,0
16042.0,26,4,892.8,50,223.2,3,275,2,1
16043.0,7,4,773.99,30,193.4975,4,280,1,0
16045.0,89,4,1340.7,71,335.175,4,170,0,0
16048.0,342,2,256.44,8,128.22,1,0,0,0
16049.0,9,3,1111.79,248,370.59666666666664,3,34,2,0
16050.0,143,1,137.9,10,137.9,1,0,0,0
16052.0,23,1,362.06,34,362.06,1,0,1,0
16053.0,2,2,1511.95,81,755.975,2,89,1,0
16054.0,114,1,783.9,70,783.9,1,0,0,0
16055.0,190,1,134.8,8,134.8,1,0,0,0
16056.0,14,1,664.85,66,664.85,1,0,1,0
16057.0,65,6,1544.23,79,257.37166666666667,3,188,0,1
16059.0,35,6,1459.8600000000001,126,243.31000000000003,6,301,0,0
16062.0,103,3,778.14,37,259.38,3,231,0,1
16063.0,229,1,335.32,23,335.32,1,0,0,0
16065.0,334,1,372.09,71,372.09,1,0,0,0
16066.0,1,4,1248.52,64,312.13,4,92,2,1
16070.0,1,1,686.85,19,686.85,1,0,1,1
16071.0,14,1,326.24,21,326.24,1,0,1,0
16072.0,257,1,584.3199999999999,23,584.3199999999999,1,0,0,0
16073.0,266,1,122.39999999999999,1,122.39999999999999,1,0,0,0
16076.0,22,8,1887.57,71,235.94625,7,155,2,1
16078.0,253,1,79.2,1,79.2,1,0,0,0
16079.0,9,1,508.22,11,508.22,1,0,1,1
16080.0,51,2,217.16,10,108.58,2,192,0,0
16081.0,25,5,2806.9,175,561.38,5,310,1,0
16083.0,70,2,1317.62,31,658.81,2,259,0,0
16084.0,268,1,436.18,38,436.18,1,0,0,0
16085.0,27,4,739.98,101,184.995,4,262,1,1
16086.0,28,5,1121.39,24,224.27800000000002,5,307,1,0
16091.0,124,2,315.06,16,157.53,2,43,0,0
16092.0,84,3,817.86,37,272.62,3,139,0,0
16093.0,76,1,17.0,1,17.0,1,0,0,0
16094.0,188,1,252.1,16,252.1,1,0,0,1
16096.0,233,1,320.62,12,320.62,1,0,0,0
16097.0,209,1,185.04999999999998,10,185.04999999999998,1,0,0,0
16098.0,57,7,2005.63,34,286.5185714285714,7,286,0,0
16099.0,19,3,731.9,29,243.96666666666667,3,175,1,0
16101.0,40,1,1290.7,76,1290.7,1,0,0,0
16102.0,11,3,1842.14,41,614.0466666666667,3,86,1,0
16103.0,49,5,1413.14,30,282.62800000000004,5,153,0,1
16104.0,31,1,302.36,28,302.36,1,0,0,0
16105.0,218,1,336.96,13,336.96,1,0,0,0
16106.0,35,1,108.38,6,108.38,1,0,0,0
16107.0,11,5,2307.52,16,461.504,5,140,1,1
16108.0,54,1,842.5,48,842.5,1,0,0,0
16109.0,188,2,611.88,18,305.94,2,89,0,0
16110.0,14,3,1337.48,283,445.82666666666665,3,266,1,0
16112.0,112,4,195.73999999999998,15,48.934999999999995,4,195,0,0
16113.0,152,1,161.38,30,161.38,1,0,0,0
16114.0,140,1,135.75000000000003,8,135.75000000000003,1,0,0,0
16115.0,10,7,1518.96,165,216.99428571428572,7,252,1,1
16116.0,181,1,612.78,34,612.78,1,0,0,0
16117.0,159,1,232.21,30,232.21,1,0,0,0
16119.0,42,1,309.48,11,309.48,1,0,0,1
16120.0,28,4,1309.14,26,327.285,1,0,4,0
16121.0,26,2,867.11,170,433.555,2,158,1,0
16122.0,42,4,684.4200000000001,26,171.10500000000002,4,293,0,0
16123.0,21,1,307.78,16,307.78,1,0,1,0
16124.0,286,1,249.0,11,249.0,1,0,0,0
16125.0,336,1,289.35,13,289.35,1,0,0,0
16126.0,71,3,3706.7000000000003,41,1235.5666666666668,3,194,0,1
16127.0,8,1,656.25,40,656.25,1,0,1,0
16128.0,6,4,1690.5800000000002,76,422.64500000000004,4,245,1,1
16131.0,21,6,3506.54,55,584.4233333333333,4,188,2,0
16133.0,9,28,12979.52,179,463.55428571428575,25,278,3,1
16134.0,328,1,283.53000000000003,16,283.53000000000003,1,0,0,1
16135.0,232,1,517.55,21,517.55,1,0,0,0
16136.0,29,3,709.38,35,236.46,3,217,1,0
16139.0,81,2,306.37,13,153.185,2,94,0,1
16140.0,35,2,725.18,32,362.59,2,305,0,0
16141.0,57,1,620.4,30,620.4,1,0,0,0
16142.0,219,1,535.34,37,535.34,1,0,0,0
16143.0,77,5,1949.3600000000001,70,389.872,5,261,0,1
16144.0,216,1,175.2,1,175.2,1,0,0,0
16145.0,9,10,3432.1,127,343.21,10,319,1,1
16146.0,126,3,734.13,26,244.71,3,74,0,0
16147.0,103,1,375.0,22,375.0,1,0,0,0
16148.0,265,1,76.32000000000001,1,76.32000000000001,1,0,0,0
16149.0,111,1,163.68,11,163.68,1,0,0,1
16150.0,12,5,2053.02,91,410.604,5,329,1,0
16152.0,238,1,1829.04,29,1829.04,1,0,0,0
16153.0,19,5,1824.23,78,364.846,5,305,1,0
16156.0,19,7,2410.4300000000003,96,344.3471428571429,7,260,1,1
16157.0,42,1,168.32,6,168.32,1,0,0,1
16159.0,251,1,348.2,14,348.2,1,0,0,0
16160.0,34,2,1025.44,20,512.72,2,20,0,0
16161.0,28,15,4300.88,239,286.72533333333337,15,309,1,1
16162.0,221,1,37.4,2,37.4,1,0,0,0
16163.0,201,2,856.6,5,428.3,2,132,0,0
16164.0,12,1,245.35999999999999,14,245.35999999999999,1,0,1,1
16168.0,3,22,3329.34,53,151.33363636363637,20,336,3,1
16169.0,9,2,904.8000000000001,33,452.40000000000003,2,36,1,1
16170.0,20,6,1885.05,106,314.175,6,197,1,0
16171.0,28,1,73.2,3,73.2,1,0,1,0
16172.0,64,5,1140.21,52,228.042,4,146,0,0
16173.0,7,5,1119.47,59,223.894,5,59,2,1
16174.0,95,3,1009.5500000000001,19,336.5166666666667,3,25,0,0
16175.0,63,4,1037.59,45,259.3975,4,145,0,0
16177.0,19,1,331.95,15,331.95,1,0,1,0
16178.0,107,1,197.9,8,197.9,1,0,0,0
16179.0,30,1,215.83,11,215.83,1,0,0,0
16180.0,69,8,10254.18,90,1281.7725,7,152,0,0
16181.0,42,1,305.54,11,305.54,1,0,0,0
16182.0,41,4,6617.65,17,1654.4125,4,222,0,0
16183.0,36,1,338.71000000000004,15,338.71000000000004,1,0,0,0
16184.0,33,6,1158.79,26,193.13166666666666,6,147,0,0
16185.0,202,1,335.0,19,335.0,1,0,0,1
16186.0,15,11,3594.14,87,326.74,9,326,1,1
16187.0,1,15,6911.4400000000005,160,460.7626666666667,11,252,2,0
16188.0,14,4,981.86,65,245.465,4,198,1,0
16189.0,54,1,144.48,6,144.48,1,0,0,1
16190.0,9,1,215.08,6,215.08,1,0,1,0
16191.0,21,10,4082.26,64,408.226,7,308,2,1
16193.0,206,1,314.45,19,314.45,1,0,0,0
16198.0,44,1,400.68100000000004,15,400.68100000000004,1,0,0,0
16200.0,133,1,550.57,58,550.57,1,0,0,1
16201.0,14,2,782.83,48,391.415,2,64,1,1
16202.0,330,1,365.27,18,365.27,1,0,0,0
16203.0,28,4,592.9,27,148.225,4,313,1,0
16205.0,0,4,761.38,73,190.345,4,148,2,0
16206.0,24,4,537.0600000000001,52,134.26500000000001,4,272,1,0
16208.0,14,2,664.26,61,332.13,2,244,1,0
16209.0,58,5,2262.62,37,452.524,5,157,0,0
16210.0,0,15,14788.82,48,985.9213333333333,14,342,2,1
16211.0,58,1,547.02,23,547.02,1,0,0,0
16212.0,252,1,498.15000000000003,30,498.15000000000003,1,0,0,1
16213.0,48,1,159.0,6,159.0,1,0,0,0
16214.0,140,3,1062.75,36,354.25,3,98,0,0
16215.0,50,1,242.35,14,242.35,1,0,0,0
16216.0,236,1,914.9300000000001,37,914.9300000000001,1,0,0,0
16217.0,204,2,304.25,13,152.125,2,46,0,0
16218.0,84,6,2635.48,51,439.24666666666667,5,258,0,1
16221.0,6,3,864.86,90,288.2866666666667,3,330,1,0
16222.0,287,1,846.72,120,846.72,1,0,0,0
16224.0,26,4,1295.3,90,323.825,4,192,1,0
16225.0,14,5,1096.32,109,219.26399999999998,4,232,1,0
16226.0,172,3,255.12,6,85.04,3,32,0,0
16227.0,194,1,314.22,6,314.22,1,0,0,0
16229.0,56,2,1010.6,46,505.3,2,125,0,0
16230.0,159,2,542.03,32,271.015,2,30,0,0
16232.0,13,4,990.88,24,247.72,3,171,1,0
16233.0,40,3,536.6800000000001,22,178.89333333333335,3,295,0,0
16235.0,10,5,867.31,42,173.462,5,291,1,0
16236.0,47,1,432.2,20,432.2,1,0,0,0
16239.0,26,2,414.2,18,207.1,2,132,1,0
16240.0,46,1,1824.79,75,1824.79,1,0,0,1
16241.0,1,12,1998.47,301,166.53916666666666,11,337,2,1
16242.0,1,5,2520.1,151,504.02,5,244,1,1
16243.0,3,2,409.1,49,204.55,2,21,2,0
16244.0,181,2,1522.75,88,761.375,2,160,0,0
16245.0,91,2,769.7,49,384.85,2,135,0,1
16247.0,139,1,114.56,16,114.56,1,0,0,0
16248.0,31,1,152.94,7,152.94,1,0,0,0
16249.0,22,5,1800.07,67,360.014,5,186,1,0
16250.0,230,2,389.44,22,194.72,2,112,0,0
16253.0,36,2,3683.86,114,1841.93,2,188,0,0
16255.0,65,7,2182.79,132,311.82714285714286,7,269,0,1
16256.0,236,1,752.4300000000001,13,752.4300000000001,1,0,0,0
16257.0,146,1,46.95,2,46.95,1,0,0,0
16258.0,14,5,5203.51,111,1040.702,5,173,1,0
16260.0,20,1,1035.45,18,1035.45,1,0,1,0
16261.0,44,3,562.43,83,187.47666666666666,3,170,0,1
16265.0,12,8,4657.1,142,582.1375,7,321,1,1
16266.0,43,7,861.89,44,123.12714285714286,6,132,0,0
16268.0,40,2,667.65,45,333.825,1,0,0,0
16270.0,322,1,1141.24,54,1141.24,1,0,0,0
16271.0,95,3,893.03,51,297.6766666666667,3,232,0,1
16272.0,86,1,411.7,25,411.7,1,0,0,0
16274.0,342,1,357.95,64,357.95,1,0,0,0
16275.0,166,1,559.87,33,559.87,1,0,0,0
16276.0,146,1,810.6000000000001,6,810.6000000000001,1,0,0,0
16278.0,69,1,566.38,23,566.38,1,0,0,0
16279.0,56,2,730.98,62,365.49,2,89,0,1
16281.0,41,1,2062.06,17,2062.06,1,0,0,0
16282.0,309,1,168.3,11,168.3,1,0,0,0
16283.0,37,4,1330.14,114,332.535,4,140,0,1
16284.0,0,2,823.97,87,411.985,2,19,2,0
16287.0,139,1,142.5,8,142.5,1,0,0,0
16292.0,91,1,302.25,17,302.25,1,0,0,0
16293.0,18,9,1906.16,91,211.79555555555555,5,317,3,1
16295.0,27,2,692.3,43,346.15,2,6,1,1
16297.0,238,1,301.9,20,301.9,1,0,0,0
16298.0,21,2,353.54,17,176.77,2,134,1,1
16302.0,96,1,233.22,11,233.22,1,0,0,0
16303.0,85,2,4036.33,112,2018.165,2,217,0,1
16305.0,108,1,361.21999999999997,22,361.21999999999997,1,0,0,0
16306.0,183,6,632.27,36,105.37833333333333,6,153,0,0
16308.0,7,4,2560.0,1,640.0,4,223,1,0
16309.0,75,2,706.57,39,353.285,2,134,0,0
16311.0,18,1,401.55,23,401.55,1,0,1,1
16313.0,19,1,167.62,10,167.62,1,0,1,1
16315.0,300,1,226.37,14,226.37,1,0,0,0
16316.0,33,8,2938.91,120,367.36375,7,293,0,0
16317.0,89,3,1341.65,64,447.2166666666667,3,177,0,0
16318.0,4,1,328.15,19,328.15,1,0,1,0
16319.0,187,1,404.40000000000003,3,404.40000000000003,1,0,0,0
16320.0,141,2,1038.46,56,519.23,2,40,0,0
16321.0,41,5,373.65000000000003,7,74.73,3,251,0,0
16322.0,5,1,213.07999999999998,26,213.07999999999998,1,0,1,1
16323.0,165,1,207.50000000000003,1,207.50000000000003,1,0,0,0
16324.0,97,3,428.68,100,142.89333333333335,2,48,0,0
16325.0,16,3,594.24,14,198.08,3,198,1,0
16326.0,3,12,2549.57,153,212.46416666666667,11,300,2,1
16327.0,49,5,3172.39,132,634.478,5,289,0,1
16330.0,81,2,48.96,17,24.48,1,0,0,1
16332.0,13,6,1390.89,110,231.81500000000003,6,261,1,1
16333.0,5,20,25079.600000000002,9,1253.98,12,273,1,1
16337.0,6,1,151.05,10,151.05,1,0,1,0
16338.0,126,1,214.79999999999998,11,214.79999999999998,1,0,0,0
16339.0,253,1,109.95,17,109.95,1,0,0,0
16340.0,76,1,549.07,124,549.07,1,0,0,0
16341.0,55,2,1531.89,53,765.945,2,115,0,1
16342.0,44,4,322.41,10,80.6025,4,104,0,0
16344.0,127,1,101.10000000000001,1,101.10000000000001,1,0,0,0
16345.0,13,1,575.41,35,575.41,1,0,1,0
16347.0,5,1,444.29,49,444.29,1,0,1,1
16348.0,1,7,1469.45,157,209.92142857142858,6,207,2,0
16349.0,260,1,53.5,9,53.5,1,0,0,0
16350.0,34,3,1001.87,40,333.95666666666665,3,268,0,1
16351.0,302,1,153.9,8,153.9,1,0,0,0
16352.0,7,1,204.92000000000002,14,204.92000000000002,1,0,1,1
16353.0,1,19,5056.56,48,266.13473684210527,17,337,3,1
16354.0,32,2,395.8,38,197.9,2,9,0,0
16356.0,167,3,211.77,20,70.59,3,79,0,0
16357.0,2,3,658.88,31,219.62666666666667,3,180,1,0
16358.0,33,3,1594.3400000000001,65,531.4466666666667,3,120,0,1
16359.0,34,8,1640.19,38,205.02375,8,266,0,1
16360.0,8,4,2012.35,243,503.0875,4,49,1,1
16361.0,9,2,604.3,59,302.15,2,31,1,1
16362.0,1,5,734.77,58,146.954,3,58,2,0
16363.0,22,1,109.36000000000001,5,109.36000000000001,1,0,1,0
16364.0,106,1,347.55,28,347.55,1,0,0,1
16365.0,6,8,1143.77,45,142.97125,7,329,1,1
16367.0,6,2,804.49,123,402.245,2,325,1,0
16369.0,50,2,851.69,56,425.845,2,116,0,1
16370.0,51,4,1320.56,143,330.14,4,142,0,0
16372.0,2,2,367.93,86,183.965,1,0,2,0
16374.0,35,2,473.03000000000003,101,236.51500000000001,2,196,0,0
16377.0,236,1,676.2,5,676.2,1,0,0,0
16378.0,216,3,362.95,22,120.98333333333333,3,63,0,0
16379.0,6,2,1302.68,67,651.34,2,41,1,1
16380.0,30,1,1780.59,28,1780.59,1,0,0,0
16383.0,44,2,668.36,80,334.18,2,193,0,0
16384.0,59,2,584.5,33,292.25,2,174,0,0
16385.0,29,3,555.89,52,185.29666666666665,3,306,1,0
16386.0,223,1,61.10000000000001,4,61.10000000000001,1,0,0,1
16387.0,292,1,94.36,4,94.36,1,0,0,0
16389.0,22,4,1382.07,33,345.5175,4,229,1,0
16392.0,239,1,221.19,41,221.19,1,0,0,0
16393.0,22,10,2119.63,108,211.96300000000002,10,316,1,1
16394.0,26,5,1555.34,61,311.068,5,232,1,0
16395.0,30,5,1486.9,150,297.38,5,270,0,0
16398.0,123,2,1705.8,75,852.9,2,99,0,0
16399.0,204,1,178.41,31,178.41,1,0,0,1
16400.0,64,1,303.93,28,303.93,1,0,0,0
16401.0,14,9,3079.96,55,342.21777777777777,9,282,1,1
16402.0,234,2,299.6,55,149.8,2,104,0,0
16403.0,281,1,177.5,10,177.5,1,0,0,0
16404.0,39,1,443.05,23,443.05,1,0,0,0
16405.0,271,2,167.25,3,83.625,2,7,0,0
16407.0,43,9,1794.76,97,199.4177777777778,8,237,0,1
16409.0,5,5,2028.88,145,405.776,5,281,1,0
16411.0,338,1,131.5,19,131.5,1,0,0,1
16412.0,23,1,151.83,25,151.83,1,0,1,0
16413.0,26,1,262.2,30,262.2,1,0,1,0
16414.0,249,1,50.8,3,50.8,1,0,0,1
16415.0,13,1,210.35,45,210.35,1,0,1,0
16416.0,12,2,678.72,47,339.36,2,13,2,1
16418.0,14,3,675.27,76,225.09,3,181,1,0
16419.0,82,6,972.23,36,162.03833333333333,5,199,0,0
16422.0,1,48,33330.9,68,694.3937500000001,45,337,4,1
16424.0,160,1,133.56,5,133.56,1,0,0,0
16425.0,271,1,302.7,21,302.7,1,0,0,0
16426.0,4,6,1155.91,159,192.65166666666667,4,240,2,1
16427.0,232,2,241.06,8,120.53,2,21,0,0
16429.0,75,1,284.55,2,284.55,1,0,0,0
16430.0,26,1,300.85,6,300.85,1,0,1,0
16431.0,182,3,642.81,51,214.26999999999998,2,84,0,0
16432.0,33,1,287.4,8,287.4,1,0,0,0
16434.0,3,6,1337.07,74,222.845,6,265,2,1
16438.0,5,3,468.03000000000003,60,156.01000000000002,3,46,2,1
16440.0,21,3,1808.83,129,602.9433333333333,3,162,1,1
16441.0,36,2,381.2,22,190.6,2,224,0,0
16442.0,197,2,437.03,99,218.515,2,133,0,1
16444.0,15,4,654.67,68,163.6675,4,218,1,0
16445.0,3,1,230.51,62,230.51,1,0,1,0
16446.0,175,1,2.9,2,2.9,1,0,0,1
16447.0,105,1,259.01,34,259.01,1,0,0,0
16448.0,167,1,188.89000000000001,19,188.89000000000001,1,0,0,0
16449.0,167,2,707.69,40,353.845,2,82,0,0
16450.0,119,1,311.92,11,311.92,1,0,0,0
16451.0,57,1,266.97,14,266.97,1,0,0,0
16454.0,14,2,6.9,2,3.45,2,19,1,0
16455.0,33,7,1841.18,69,263.0257142857143,6,307,0,0
16456.0,68,5,2158.37,80,431.674,5,273,0,0
16457.0,187,1,208.36,9,208.36,1,0,0,0
16458.0,7,15,2863.98,49,190.932,15,322,2,1
16460.0,42,2,512.1,112,256.05,2,9,0,1
16461.0,147,1,151.42,31,151.42,1,0,0,0
16462.0,43,3,136.0,1,45.333333333333336,3,210,0,0
16463.0,21,3,1119.3899999999999,57,373.12999999999994,3,152,2,1
16464.0,49,2,998.25,141,499.125,2,61,0,1
16466.0,3,7,1603.46,103,229.06571428571428,7,258,2,0
16468.0,43,1,74.9,2,74.9,1,0,0,0
16469.0,56,3,462.72,93,154.24,2,159,0,1
16470.0,21,4,762.39,120,190.5975,4,307,1,0
16471.0,244,1,223.95000000000002,13,223.95000000000002,1,0,0,0
16473.0,134,3,316.11,18,105.37,3,171,0,0
16474.0,20,5,1398.49,183,279.698,4,94,1,1
16475.0,57,4,544.3,23,136.075,4,185,0,0
16477.0,33,7,2494.46,111,356.3514285714286,7,307,0,0
16478.0,34,2,235.9,11,117.95,2,0,0,1
16480.0,45,1,769.29,51,769.29,1,0,0,0
16483.0,161,1,139.35,19,139.35,1,0,0,0
16484.0,143,2,404.3,25,202.15,2,17,0,0
16485.0,46,1,363.65,41,363.65,1,0,0,0
16488.0,2,3,498.8,28,166.26666666666668,3,115,1,0
16491.0,16,1,731.5,39,731.5,1,0,1,0
16493.0,49,4,1351.63,40,337.9075,4,250,0,0
16494.0,266,1,826.53,47,826.53,1,0,0,0
16495.0,245,2,246.51,32,123.255,1,0,0,1
16496.0,177,2,1185.04,71,592.52,2,109,0,1
16497.0,19,6,2965.69,128,494.2816666666667,5,283,1,0
16498.0,130,2,100.97,15,50.485,2,0,0,0
16499.0,329,2,365.45,18,182.725,2,4,0,0
16500.0,5,3,250.32,4,83.44,2,294,2,1
16503.0,76,4,1431.93,71,357.9825,4,253,0,0
16505.0,1,1,777.6,4,777.6,1,0,1,0
16506.0,9,1,55.2,2,55.2,1,0,1,1
16509.0,266,1,363.7,13,363.7,1,0,0,0
16510.0,341,1,248.1,13,248.1,1,0,0,0
16511.0,114,2,582.7,83,291.35,2,121,0,1
16513.0,12,1,108.45000000000002,2,108.45000000000002,1,0,1,1
16515.0,21,5,1627.13,89,325.42600000000004,5,259,1,0
16517.0,246,1,162.7,17,162.7,1,0,0,0
16518.0,30,2,484.32,36,242.16,2,222,0,0
16519.0,334,1,103.7,5,103.7,1,0,0,1
16520.0,155,3,1046.57,129,348.8566666666666,3,179,0,0
16523.0,2,18,7790.31,137,432.795,15,282,3,1
16525.0,6,24,12364.19,73,515.1745833333333,24,329,1,1
16526.0,141,1,290.36,15,290.36,1,0,0,0
16527.0,50,1,228.06,14,228.06,1,0,0,0
16529.0,159,1,455.25,30,455.25,1,0,0,0
16531.0,6,6,1112.64,62,185.44000000000003,6,323,1,1
16532.0,105,2,4516.8,2,2258.4,2,202,0,1
16533.0,23,2,987.86,88,493.93,2,13,1,1
16536.0,79,1,548.97,49,548.97,1,0,0,0
16539.0,189,3,1053.61,34,351.2033333333333,3,153,0,1
16542.0,23,1,119.62,5,119.62,1,0,1,0
16545.0,134,1,339.3,3,339.3,1,0,0,0
16546.0,260,2,787.15,25,393.575,2,81,0,0
16549.0,0,6,2311.19,331,385.1983333333333,6,302,3,1
16550.0,78,5,2298.97,162,459.794,5,259,0,0
16551.0,65,3,922.12,26,307.37333333333333,3,240,0,0
16552.0,212,2,379.73,17,189.865,2,130,0,0
16553.0,132,12,5719.82,62,476.65166666666664,6,197,0,0
16554.0,11,3,837.1,51,279.03333333333336,3,289,1,0
16555.0,4,2,285.89,15,142.945,2,74,1,0
16556.0,36,7,3313.79,144,473.3985714285714,7,293,0,0
16557.0,106,1,101.15,6,101.15,1,0,0,1
16558.0,7,18,6888.46,232,382.6922222222222,18,329,2,1
16560.0,327,1,332.18,21,332.18,1,0,0,1
16561.0,29,1,264.96,16,264.96,1,0,1,1
16563.0,23,1,1077.74,19,1077.74,1,0,1,0
16565.0,333,1,173.7,3,173.7,1,0,0,0
16566.0,26,4,502.28000000000003,10,125.57000000000001,4,235,1,1
16567.0,163,2,865.6,34,432.8,2,142,0,0
16570.0,1,9,3311.32,67,367.9244444444445,8,279,3,1
16571.0,145,2,896.79,54,448.395,2,105,0,1
16572.0,96,3,1009.6,40,336.53333333333336,3,148,0,0
16573.0,54,2,663.61,40,331.805,2,205,0,0
16574.0,40,1,451.44,28,451.44,1,0,0,0
16581.0,152,1,105.84,9,105.84,1,0,0,0
16582.0,82,1,313.62,6,313.62,1,0,0,0
16583.0,343,1,233.45,14,233.45,1,0,0,0
16584.0,49,2,936.08,25,468.04,2,174,0,0
16586.0,218,1,463.95,8,463.95,1,0,0,0
16587.0,201,1,225.15,13,225.15,1,0,0,0
16589.0,40,3,459.24,31,153.08,3,90,0,0
16591.0,38,1,213.5,10,213.5,1,0,0,0
16592.0,0,13,2729.34,120,209.94923076923078,7,257,3,1
16593.0,20,3,330.03,24,110.00999999999999,3,277,1,0
16594.0,44,1,181.09,53,181.09,1,0,0,0
16595.0,30,1,360.16,83,360.16,1,0,0,0
16596.0,335,1,120.65,6,120.65,1,0,0,1
16598.0,255,1,145.04999999999998,10,145.04999999999998,1,0,0,0
16600.0,43,3,353.2,28,117.73333333333333,3,264,0,1
16601.0,10,1,244.79999999999998,29,244.79999999999998,1,0,1,0
16602.0,5,1,528.08,29,528.08,1,0,1,0
16603.0,44,2,482.47,34,241.235,2,16,0,0
16607.0,7,13,3063.69,131,235.66846153846154,13,321,2,1
16609.0,57,6,4029.82,142,671.6366666666667,6,164,0,1
16610.0,188,1,75.66,6,75.66,1,0,0,0
16611.0,155,1,129.49,9,129.49,1,0,0,0
16612.0,2,4,1187.66,48,296.915,4,278,1,0
16613.0,39,1,618.59,30,618.59,1,0,0,0
16614.0,152,1,506.19,26,506.19,1,0,0,0
16616.0,126,1,210.10000000000002,11,210.10000000000002,1,0,0,1
16617.0,205,1,151.85,5,151.85,1,0,0,0
16618.0,0,5,2647.59,79,529.518,4,291,1,0
16619.0,233,1,226.21,14,226.21,1,0,0,0
16620.0,230,1,95.75999999999999,5,95.75999999999999,1,0,0,1
16621.0,21,4,813.48,22,203.37,4,226,1,0
16623.0,215,1,129.45,5,129.45,1,0,0,0
16624.0,50,2,810.5699999999999,44,405.28499999999997,2,116,0,0
16625.0,244,1,333.08,23,333.08,1,0,0,0
16626.0,0,13,3380.24,85,260.0184615384615,13,235,3,1
16627.0,48,1,322.8,20,322.8,1,0,0,0
16628.0,76,4,1619.8400000000001,64,404.96000000000004,4,128,0,1
16629.0,43,2,417.73,58,208.865,2,22,0,0
16633.0,8,5,2235.16,86,447.032,5,194,1,1
16634.0,192,2,217.9,9,108.95,2,149,0,0
16637.0,1,4,1154.47,66,288.6175,4,193,1,0
16638.0,68,9,1550.94,85,172.32666666666668,9,269,0,1
16639.0,0,3,1257.51,48,419.17,3,204,1,0
16641.0,75,1,231.10000000000002,12,231.10000000000002,1,0,0,0
16642.0,177,1,307.73,15,307.73,1,0,0,1
16643.0,215,1,487.51,27,487.51,1,0,0,0
16644.0,147,2,833.78,62,416.89,2,34,0,0
16647.0,139,2,214.06,12,107.03,2,35,0,0
16648.0,12,1,290.65999999999997,19,290.65999999999997,1,0,1,0
16650.0,41,1,518.42,24,518.42,1,0,0,0
16652.0,28,7,6773.97,74,967.71,5,214,2,0
16653.0,40,1,1117.86,67,1117.86,1,0,0,1
16654.0,110,4,601.27,29,150.3175,4,227,0,0
16655.0,44,4,2911.2,194,727.8,4,256,0,1
16656.0,0,14,8330.66,13,595.0471428571428,14,334,2,1
16657.0,118,2,446.11,111,223.055,2,105,0,1
16658.0,337,1,123.24,8,123.24,1,0,0,0
16659.0,158,1,39.12,2,39.12,1,0,0,0
16660.0,180,2,384.36,5,192.18,2,108,0,1
16665.0,331,1,135.39999999999998,9,135.39999999999998,1,0,0,0
16667.0,37,2,570.13,52,285.065,2,216,0,0
16668.0,86,5,266.52,9,53.303999999999995,5,167,0,1
16669.0,47,2,729.49,75,364.745,1,0,0,1
16670.0,26,9,3581.75,166,397.97222222222223,8,301,1,1
16671.0,5,2,1539.63,3,769.815,2,128,1,1
16672.0,5,19,7864.9400000000005,22,413.9442105263158,17,230,1,1
16674.0,24,2,319.61,89,159.805,2,43,1,0
16676.0,3,4,1592.1200000000001,75,398.03000000000003,4,303,1,0
16678.0,6,9,2438.5,84,270.94444444444446,9,246,1,1
16679.0,335,1,129.75,3,129.75,1,0,0,0
16680.0,12,1,183.7,10,183.7,1,0,1,0
16681.0,42,6,1770.34,18,295.0566666666667,6,180,0,0
16682.0,26,4,917.14,15,229.285,4,130,1,1
16684.0,5,25,60058.78,117,2402.3512,14,322,4,1
16685.0,30,2,324.24,60,162.12,1,0,0,0
16686.0,16,7,3062.83,406,437.54714285714283,7,307,1,0
16688.0,12,2,831.52,42,415.76,2,17,1,1
16689.0,45,2,422.59999999999997,12,211.29999999999998,2,6,0,0
16690.0,41,2,225.57999999999998,10,112.78999999999999,2,129,0,0
16692.0,225,2,1276.0,2,638.0,2,32,0,0
16693.0,38,2,482.01,58,241.005,2,203,0,0
16696.0,104,4,657.9000000000001,7,164.47500000000002,4,112,0,0
16697.0,210,1,112.75,20,112.75,1,0,0,0
16698.0,196,2,1998.0,4,999.0,2,26,0,0
16700.0,50,11,4423.62,144,402.1472727272727,11,285,0,1
16701.0,14,12,4899.86,91,408.32166666666666,11,317,2,1
16705.0,8,15,12583.33,121,838.8886666666666,10,319,3,1
16706.0,6,3,531.35,108,177.11666666666667,3,76,1,0
16708.0,15,1,656.63,27,656.63,1,0,1,0
16709.0,54,5,3029.87,64,605.9739999999999,4,197,0,0
16710.0,43,8,2093.59,235,261.69875,8,294,0,1
16711.0,109,3,909.87,9,303.29,3,217,0,1
16712.0,64,8,2499.86,170,312.4825,7,181,0,1
16713.0,36,13,5302.01,310,407.8469230769231,13,299,0,1
16714.0,188,3,1161.53,77,387.1766666666667,2,98,0,0
16715.0,47,1,301.71999999999997,19,301.71999999999997,1,0,0,0
16716.0,236,2,901.2,1,450.6,2,44,0,0
16717.0,1,5,1862.82,93,372.56399999999996,5,334,1,1
16718.0,338,1,623.75,41,623.75,1,0,0,0
16719.0,44,6,1497.75,91,249.625,6,293,0,1
16721.0,231,1,292.47,37,292.47,1,0,0,0
16722.0,20,12,4421.45,94,368.45416666666665,12,317,1,1
16723.0,60,2,589.15,37,294.575,2,16,0,0
16725.0,271,7,781.02,110,111.57428571428571,6,69,0,0
16726.0,165,4,795.19,71,198.7975,3,164,0,1
16727.0,333,1,272.82,41,272.82,1,0,0,0
16728.0,15,4,1054.67,218,263.6675,4,218,1,0
16729.0,7,21,7239.92,234,344.7580952380952,19,203,2,0
16730.0,21,3,743.11,75,247.70333333333335,3,267,1,0
16732.0,1,1,603.75,28,603.75,1,0,1,0
16734.0,21,3,650.51,44,216.83666666666667,2,61,1,0
16735.0,48,5,2300.56,88,460.11199999999997,4,255,0,0
16737.0,22,1,417.59999999999997,1,417.59999999999997,1,0,1,0
16738.0,267,1,3.75,1,3.75,1,0,0,0
16739.0,146,1,323.0,13,323.0,1,0,0,0
16742.0,16,1,464.9,1,464.9,1,0,1,0
16743.0,82,6,1885.8600000000001,82,314.31,5,245,0,1
16744.0,3,6,1021.76,172,170.29333333333332,6,139,2,1
16745.0,56,17,7194.3,148,423.1941176470588,17,225,0,0
16746.0,5,15,5630.86,206,375.3906666666666,14,322,1,1
16747.0,7,2,836.06,34,418.03,2,30,1,0
16748.0,6,4,1249.2,35,312.3,4,297,1,1
16750.0,14,5,623.93,74,124.78599999999999,5,187,1,0
16751.0,0,1,1764.72,24,1764.72,1,0,1,0
16752.0,342,1,207.5,9,207.5,1,0,0,0
16753.0,27,1,223.92000000000002,34,223.92000000000002,1,0,1,0
16754.0,341,1,2002.4,2,2002.4,1,0,0,0
16755.0,83,3,1496.83,133,498.9433333333333,3,201,0,0
16756.0,184,1,239.4,13,239.4,1,0,0,0
16757.0,288,1,106.83000000000001,7,106.83000000000001,1,0,0,0
16758.0,34,1,369.34000000000003,22,369.34000000000003,1,0,0,0
16759.0,0,2,418.85,23,209.425,1,0,2,1
16761.0,66,1,316.62,13,316.62,1,0,0,0
16762.0,15,2,887.6,32,443.8,2,98,1,1
16763.0,168,1,611.85,23,611.85,1,0,0,0
16764.0,1,9,1929.13,190,214.3477777777778,9,111,2,1
16765.0,263,1,34.0,1,34.0,1,0,0,0
16766.0,242,2,1145.6,17,572.8,1,0,0,0
16767.0,0,11,5580.6,148,507.32727272727277,8,285,4,0
16768.0,17,3,478.09000000000003,47,159.36333333333334,3,224,1,0
16769.0,229,1,380.39,33,380.39,1,0,0,0
16770.0,27,5,770.1,116,154.02,5,314,1,0
16771.0,2,5,2246.81,200,449.36199999999997,5,304,1,0
16773.0,26,1,171.59,23,171.59,1,0,1,0
16774.0,37,4,661.52,36,165.38,4,110,0,0
16775.0,26,10,1566.51,82,156.651,10,310,1,1
16776.0,29,1,388.28,61,388.28,1,0,1,0
16777.0,49,2,226.35,45,113.175,2,176,0,0
16778.0,43,2,245.94,16,122.97,2,199,0,0
16779.0,1,17,8029.860000000001,137,472.34470588235297,17,334,1,1
16780.0,69,2,425.19,51,212.595,2,158,0,0
16781.0,341,1,311.25,17,311.25,1,0,0,0
16782.0,4,11,1959.55,98,178.14090909090908,11,330,1,1
16788.0,92,2,597.48,138,298.74,2,131,0,0
16790.0,1,3,1135.75,64,378.5833333333333,3,5,3,1
16791.0,29,6,1234.82,176,205.8033333333333,5,272,1,1
16792.0,251,2,110.38000000000001,11,55.190000000000005,1,0,0,0
16793.0,26,1,243.84,16,243.84,1,0,1,0
16794.0,16,6,832.6899999999999,124,138.78166666666667,6,133,1,1
16795.0,334,1,414.88,64,414.88,1,0,0,0
16796.0,58,1,305.62,18,305.62,1,0,0,0
16801.0,132,4,1619.73,72,404.9325,4,110,0,0
16803.0,34,1,332.3,24,332.3,1,0,0,0
16804.0,239,1,118.05,19,118.05,1,0,0,1
16805.0,143,2,460.59,94,230.295,2,186,0,0
16806.0,72,4,801.49,68,200.3725,4,135,0,0
16807.0,112,3,1121.59,57,373.8633333333333,3,128,0,0
16808.0,68,2,288.42,21,144.21,2,175,0,0
16809.0,31,4,620.37,66,155.0925,4,200,0,1
16810.0,161,1,309.54,15,309.54,1,0,0,0
16812.0,330,1,479.35,15,479.35,1,0,0,0
16813.0,19,9,1544.44,238,171.60444444444445,9,154,1,1
16814.0,16,19,6027.36,119,317.2294736842105,19,322,1,1
16816.0,72,4,417.06,28,104.265,4,254,0,0
16817.0,2,8,1387.42,61,173.4275,8,335,1,1
16818.0,40,10,3221.81,167,322.181,10,134,0,1
16820.0,65,1,497.61,26,497.61,1,0,0,0
16823.0,196,1,358.38,34,358.38,1,0,0,0
16824.0,133,1,222.9,13,222.9,1,0,0,1
16825.0,8,2,775.1800000000001,27,387.59000000000003,2,147,1,0
16826.0,20,1,341.7,22,341.7,1,0,1,0
16828.0,62,2,128.5,8,64.25,2,19,0,0
16829.0,126,1,197.22,11,197.22,1,0,0,0
16830.0,8,1,325.91,23,325.91,1,0,1,0
16832.0,153,3,199.15,11,66.38333333333334,3,33,0,0
16833.0,229,3,671.29,32,223.76333333333332,2,74,0,1
16834.0,197,1,413.46,24,413.46,1,0,0,0
16835.0,97,2,180.85,10,90.425,2,244,0,0
16836.0,9,2,251.87,11,125.935,2,76,1,0
16837.0,0,11,3170.98,123,288.2709090909091,9,214,2,0
16838.0,166,2,588.85,24,294.425,2,90,0,0
16839.0,0,30,14847.37,112,494.9123333333334,29,338,4,1
16841.0,6,6,1869.82,101,311.63666666666666,6,250,1,0
16842.0,70,3,1264.19,45,421.3966666666667,3,201,0,0
16843.0,12,16,10196.57,226,637.285625,12,284,1,0
16846.0,19,1,214.32,11,214.32,1,0,1,0
16847.0,12,1,193.44,12,193.44,1,0,1,0
16848.0,22,1,281.42,14,281.42,1,0,1,0
16849.0,156,1,124.57,8,124.57,1,0,0,0
16850.0,303,1,332.41,19,332.41,1,0,0,0
16851.0,12,2,239.45999999999998,12,119.72999999999999,2,9,2,1
16852.0,145,1,113.06,7,113.06,1,0,0,1
16855.0,12,1,151.2,9,151.2,1,0,1,1
16858.0,338,1,375.69000000000005,9,375.69000000000005,1,0,0,0
16859.0,114,2,747.81,50,373.905,2,116,0,0
16861.0,29,2,173.76,6,86.88,2,98,1,0
16863.0,0,2,502.8,25,251.4,2,335,1,0
16866.0,110,3,207.73999999999998,10,69.24666666666666,3,20,0,0
16869.0,21,3,692.4,92,230.79999999999998,3,123,1,1
16871.0,58,5,2367.26,118,473.45200000000006,4,181,0,1
16872.0,46,3,680.02,5,226.67333333333332,3,107,0,0
16873.0,31,5,5268.79,140,1053.758,5,302,0,1
16875.0,36,5,2095.53,93,419.10600000000005,4,272,0,0
16877.0,9,3,458.01,79,152.67,3,168,1,1
16878.0,53,1,13.3,3,13.3,1,0,0,0
16880.0,0,7,1519.08,121,217.01142857142855,6,158,1,0
16881.0,36,1,432.0,1,432.0,1,0,0,0
16882.0,36,3,705.12,39,235.04,3,250,0,0
16883.0,156,2,276.73,33,138.365,2,184,0,0
16884.0,7,2,429.84000000000003,26,214.92000000000002,1,0,2,0
16885.0,20,2,317.75,54,158.875,2,305,1,1
16887.0,4,1,194.88,35,194.88,1,0,1,0
16889.0,164,3,1578.67,112,526.2233333333334,3,142,0,0
16891.0,5,4,693.75,151,173.4375,4,335,1,1
16892.0,153,1,102.97999999999999,20,102.97999999999999,1,0,0,1
16893.0,336,1,145.93,44,145.93,1,0,0,0
16895.0,34,1,219.14,57,219.14,1,0,0,0
16897.0,268,2,289.78,37,144.89,2,14,0,0
16898.0,146,2,319.46999999999997,99,159.73499999999999,2,191,0,1
16899.0,59,4,588.28,62,147.07,4,270,0,1
16900.0,32,1,752.6800000000001,69,752.6800000000001,1,0,0,1
16902.0,85,1,1706.88,43,1706.88,1,0,0,0
16904.0,64,14,3049.07,335,217.7907142857143,13,272,0,1
16905.0,16,4,2059.74,80,514.935,4,324,1,1
16906.0,51,4,579.77,74,144.9425,4,166,0,0
16907.0,117,4,711.88,74,177.97,4,217,0,1
16909.0,41,1,379.14,18,379.14,1,0,0,0
16910.0,21,6,1159.67,258,193.27833333333334,6,38,1,1
16912.0,37,10,2418.95,81,241.89499999999998,5,255,0,1
16913.0,259,1,113.44,8,113.44,1,0,0,0
16914.0,5,1,208.46,25,208.46,1,0,1,0
16915.0,13,5,512.0,43,102.4,5,239,1,1
16916.0,341,1,198.08,48,198.08,1,0,0,1
16917.0,246,1,391.52,9,391.52,1,0,0,0
16918.0,19,6,1068.82,97,178.13666666666666,5,267,1,0
16919.0,125,11,2596.45,141,236.04090909090908,11,212,0,0
16921.0,30,1,169.79,50,169.79,1,0,0,0
16923.0,10,16,6109.53,264,381.845625,15,322,1,1
16924.0,34,2,523.65,44,261.825,2,19,0,1
16926.0,340,1,230.25,14,230.25,1,0,0,0
16927.0,85,3,543.05,5,181.01666666666665,3,245,0,0
16928.0,49,17,2847.6,69,167.50588235294117,17,292,0,0
16929.0,6,4,645.5,34,161.375,4,118,1,1
16930.0,37,2,207.11,28,103.555,1,0,0,1
16931.0,9,19,3893.69,407,204.93105263157895,18,330,2,1
16932.0,22,1,161.94,44,161.94,1,0,1,0
16933.0,208,1,224.73,19,224.73,1,0,0,1
16934.0,24,2,950.9300000000001,59,475.46500000000003,1,0,2,0
16938.0,149,3,2410.75,205,803.5833333333334,3,129,0,1
16940.0,21,3,3049.88,226,1016.6266666666667,3,237,1,0
16942.0,3,8,1658.88,130,207.36,7,193,1,1
16943.0,181,3,816.73,23,272.24333333333334,3,106,0,0
16945.0,1,18,4040.8,134,224.4888888888889,12,326,4,1
16947.0,205,1,406.48,21,406.48,1,0,0,0
16948.0,108,3,435.02,15,145.00666666666666,3,187,0,0
16949.0,10,5,1204.23,53,240.846,5,275,1,1
16950.0,26,3,1178.56,39,392.8533333333333,3,310,1,0
16951.0,104,3,1277.75,73,425.9166666666667,3,169,0,0
16952.0,78,2,167.61,16,83.805,1,0,0,0
16954.0,29,5,1470.56,37,294.11199999999997,5,299,1,1
16955.0,154,4,518.67,18,129.6675,4,188,0,0
16957.0,208,2,416.64,15,208.32,2,42,0,0
16959.0,56,1,117.35000000000001,7,117.35000000000001,1,0,0,0
16960.0,8,3,507.05,92,169.01666666666668,3,213,1,0
16961.0,85,1,234.17,14,234.17,1,0,0,0
16963.0,156,1,110.55000000000001,7,110.55000000000001,1,0,0,0
16965.0,196,1,201.19,26,201.19,1,0,0,0
16966.0,14,5,1489.81,8,297.962,5,195,1,1
16967.0,158,1,319.02,21,319.02,1,0,0,0
16968.0,77,1,253.31,15,253.31,1,0,0,1
16969.0,8,3,650.41,42,216.8033333333333,3,152,1,0
16971.0,7,1,357.21,40,357.21,1,0,1,0
16976.0,236,1,251.51999999999998,2,251.51999999999998,1,0,0,0
16978.0,47,1,344.33,39,344.33,1,0,0,0
16979.0,21,3,899.5899999999999,29,299.8633333333333,3,246,1,1
16980.0,224,2,1078.96,71,539.48,2,36,0,0
16982.0,30,1,384.06,22,384.06,1,0,0,0
16983.0,66,5,1190.3,87,238.06,5,272,0,1
16984.0,57,2,4481.35,354,2240.675,2,41,0,0
16985.0,57,8,4080.44,51,510.055,6,270,0,1
16987.0,11,6,1393.12,66,232.18666666666664,5,163,3,1
16989.0,32,4,1027.65,7,256.9125,4,87,0,1
16990.0,188,1,179.0,1,179.0,1,0,0,0
16992.0,6,4,1399.8600000000001,76,349.96500000000003,4,248,1,1
16996.0,90,5,1041.78,11,208.356,4,232,0,1
16997.0,257,3,702.0,7,234.0,3,37,0,0
16998.0,119,4,295.0,1,73.75,3,154,0,0
16999.0,43,1,245.83,17,245.83,1,0,0,1
17001.0,15,9,3224.29,69,358.25444444444446,9,312,1,1
17002.0,55,3,1493.73,41,497.91,3,205,0,0
17004.0,15,2,1412.94,38,706.47,2,46,1,0
17006.0,0,2,389.61,15,194.805,2,44,1,1
17007.0,20,6,889.9300000000001,50,148.3216666666667,5,306,1,0
17014.0,1,2,355.06,53,177.53,2,34,1,1
17015.0,40,2,1569.98,160,784.99,2,114,0,1
17017.0,13,16,6572.36,84,410.7725,12,328,1,1
17018.0,10,2,920.1,15,460.05,2,285,1,0
17019.0,231,3,995.93,114,331.97666666666663,3,106,0,1
17022.0,0,1,71.0,7,71.0,1,0,1,0
17024.0,14,3,95.85,2,31.95,3,112,1,0
17025.0,30,3,357.77,8,119.25666666666666,2,312,0,0
17026.0,154,2,154.82999999999998,4,77.41499999999999,2,184,0,0
17027.0,48,6,890.29,110,148.38166666666666,5,238,0,0
17029.0,80,2,716.0,1,358.0,2,126,0,0
17030.0,33,1,146.87,11,146.87,1,0,0,0
17031.0,124,1,225.95,13,225.95,1,0,0,1
17033.0,55,3,1030.14,24,343.38000000000005,3,273,0,0
17034.0,49,2,364.88,15,182.44,2,207,0,1
17035.0,215,2,433.53000000000003,27,216.76500000000001,2,65,0,0
17037.0,57,1,1267.32,75,1267.32,1,0,0,0
17040.0,107,1,449.73,15,449.73,1,0,0,0
17041.0,78,2,750.89,45,375.445,2,251,0,1
17042.0,90,4,922.8199999999999,69,230.70499999999998,4,125,0,1
17043.0,1,4,1735.18,100,433.795,4,234,2,0
17045.0,82,3,339.44,20,113.14666666666666,3,134,0,0
17046.0,126,1,642.02,22,642.02,1,0,0,0
17047.0,54,3,1100.9,59,366.9666666666667,2,119,0,0
17048.0,87,3,925.35,41,308.45,3,213,0,0
17049.0,22,7,4525.8,189,646.5428571428572,6,222,1,1
17050.0,65,6,3228.84,169,538.14,6,203,0,0
17051.0,163,1,247.14000000000001,40,247.14000000000001,1,0,0,0
17053.0,100,1,498.48,13,498.48,1,0,0,0
17054.0,107,4,1207.32,58,301.83,4,107,0,1
17058.0,51,3,1179.89,51,393.2966666666667,3,158,0,0
17059.0,79,4,2250.1,232,562.525,4,259,0,1
17060.0,235,1,234.24,5,234.24,1,0,0,0
17061.0,43,11,5232.2300000000005,57,475.65727272727275,9,158,0,0
17062.0,283,4,538.37,52,134.5925,4,55,0,0
17063.0,27,6,1094.97,57,182.495,3,231,2,1
17064.0,28,3,859.35,53,286.45,3,268,1,0
17068.0,19,19,4242.36,111,223.2821052631579,19,318,1,1
17069.0,47,7,2058.91,88,294.13,7,295,0,1
17070.0,83,1,312.14,62,312.14,1,0,0,0
17071.0,29,8,1996.8700000000001,89,249.60875000000001,7,250,1,1
17073.0,22,3,1166.72,116,388.9066666666667,3,56,1,1
17075.0,222,3,696.07,49,232.02333333333334,3,64,0,1
17076.0,5,3,841.0799999999999,17,280.35999999999996,3,328,1,0
17078.0,5,2,378.2,28,189.1,1,0,2,0
17079.0,47,1,118.80000000000001,2,118.80000000000001,1,0,0,0
17080.0,239,1,76.32000000000001,1,76.32000000000001,1,0,0,1
17081.0,15,1,111.9,23,111.9,1,0,1,1
17082.0,2,2,2003.85,75,1001.925,2,285,1,0
17083.0,78,3,1405.78,24,468.5933333333333,3,194,0,0
17084.0,4,2,2949.75,146,1474.875,1,0,2,0
17085.0,92,5,1566.65,115,313.33000000000004,5,239,0,0
17086.0,0,4,1252.06,55,313.015,4,33,3,1
17088.0,42,3,1751.73,88,583.91,3,181,0,1
17090.0,21,6,1819.91,45,303.3183333333333,6,301,1,1
17091.0,1,8,3376.96,118,422.12,6,336,1,1
17092.0,19,4,1777.78,99,444.445,4,227,1,0
17094.0,291,1,302.0,14,302.0,1,0,0,0
17095.0,268,2,543.96,33,271.98,2,35,0,1
17096.0,27,3,707.55,30,235.85,3,203,1,1
17097.0,69,6,639.53,103,106.58833333333332,5,265,0,1
17101.0,21,2,899.73,27,449.865,2,126,1,1
17102.0,231,1,25.5,1,25.5,1,0,0,0
17105.0,128,2,665.78,80,332.89,2,147,0,0
17107.0,2,6,10815.43,269,1802.5716666666667,5,244,2,0
17109.0,1,5,776.1800000000001,107,155.23600000000002,3,200,3,1
17110.0,134,1,163.29999999999998,12,163.29999999999998,1,0,0,0
17111.0,16,1,248.61,29,248.61,1,0,1,0
17114.0,2,7,717.73,72,102.53285714285714,7,301,1,1
17115.0,152,2,612.82,28,306.41,2,50,0,1
17117.0,257,1,116.19999999999999,9,116.19999999999999,1,0,0,0
17118.0,287,1,157.02,10,157.02,1,0,0,0
17119.0,29,1,547.25,31,547.25,1,0,1,1
17120.0,202,1,307.46,18,307.46,1,0,0,0
17122.0,88,1,138.32,7,138.32,1,0,0,0
17123.0,131,1,345.29999999999995,9,345.29999999999995,1,0,0,0
17124.0,154,1,298.89,31,298.89,1,0,0,0
17125.0,19,1,259.35,34,259.35,1,0,1,0
17126.0,121,5,1004.75,187,200.95,3,210,0,0
17128.0,304,1,157.09,14,157.09,1,0,0,0
17131.0,2,4,1395.8400000000001,61,348.96000000000004,3,42,3,1
17133.0,3,5,4537.29,13,907.458,5,232,1,1
17134.0,76,2,425.0,21,212.5,2,157,0,0
17135.0,7,5,890.03,32,178.006,4,334,3,1
17138.0,245,1,380.5,24,380.5,1,0,0,0
17139.0,8,11,10199.95,307,927.2681818181819,8,250,1,1
17140.0,216,1,465.32,16,465.32,1,0,0,0
17142.0,208,1,579.0,15,579.0,1,0,0,0
17144.0,54,1,595.89,23,595.89,1,0,0,1
17146.0,75,3,749.78,33,249.92666666666665,3,253,0,0
17147.0,50,3,1349.3,57,449.76666666666665,3,230,0,1
17148.0,21,1,124.88,9,124.88,1,0,1,0
17152.0,164,3,1689.5,9,563.1666666666666,2,68,0,0
17154.0,44,1,329.34,23,329.34,1,0,0,0
17155.0,147,1,143.3,9,143.3,1,0,0,1
17157.0,145,1,161.46,8,161.46,1,0,0,1
17158.0,1,3,1266.97,53,422.3233333333333,3,328,1,0
17159.0,44,2,926.67,51,463.335,2,96,0,1
17160.0,0,6,3518.03,111,586.3383333333334,6,210,1,0
17162.0,100,9,1463.66,75,162.6288888888889,5,174,0,1
17163.0,47,1,123.10000000000001,3,123.10000000000001,1,0,0,1
17164.0,2,7,2467.35,92,352.4785714285714,5,240,3,0
17165.0,253,1,158.68,10,158.68,1,0,0,0
17166.0,8,2,206.34,11,103.17,2,165,1,0
17169.0,27,2,835.78,51,417.89,2,125,1,0
17171.0,258,1,224.91,16,224.91,1,0,0,0
17172.0,48,1,317.76,15,317.76,1,0,0,0
17173.0,12,5,1924.32,23,384.864,4,87,3,1
17174.0,187,1,59.9,4,59.9,1,0,0,0
17175.0,13,4,1443.69,42,360.9225,4,252,1,0
17176.0,171,1,306.13,15,306.13,1,0,0,0
17179.0,147,3,711.79,56,237.26333333333332,3,183,0,0
17180.0,25,4,796.03,91,199.0075,3,259,1,0
17181.0,26,2,239.92000000000002,23,119.96000000000001,2,316,1,0
17183.0,2,4,2185.6,39,546.4,4,72,3,1
17186.0,16,2,144.0,1,72.0,2,13,2,0
17187.0,196,1,203.95,10,203.95,1,0,0,0
17188.0,133,5,1815.09,51,363.018,4,198,0,1
17189.0,75,2,384.40000000000003,52,192.20000000000002,2,253,0,0
17190.0,28,2,444.74,19,222.37,2,148,1,0
17191.0,64,6,1562.96,130,260.49333333333334,4,273,0,1
17193.0,5,7,1699.3000000000002,17,242.7571428571429,5,141,4,0
17194.0,243,2,262.62,26,131.31,2,86,0,0
17198.0,334,2,521.66,73,260.83,2,5,0,1
17201.0,23,1,342.63,38,342.63,1,0,1,0
17203.0,5,6,3563.85,116,593.975,3,24,6,0
17204.0,144,4,1564.56,44,391.14,3,88,0,0
17205.0,23,1,384.08,13,384.08,1,0,1,0
17206.0,22,1,204.24,7,204.24,1,0,1,0
17211.0,17,7,1884.22,120,269.1742857142857,7,321,1,1
17212.0,222,1,226.85,4,226.85,1,0,0,0
17213.0,9,7,2781.23,85,397.31857142857143,6,326,2,0
17214.0,29,6,1069.1200000000001,79,178.1866666666667,6,298,1,0
17217.0,203,1,113.5,9,113.5,1,0,0,0
17218.0,40,7,1360.6,108,194.37142857142857,7,297,0,1
17219.0,1,1,114.23,24,114.23,1,0,1,0
17220.0,15,12,2904.47,284,242.03916666666666,9,317,1,1
17221.0,5,1,132.28,30,132.28,1,0,1,1
17222.0,34,1,354.15,27,354.15,1,0,0,0
17223.0,279,2,426.79,43,213.395,2,58,0,0
17226.0,278,1,393.49,21,393.49,1,0,0,0
17227.0,30,5,720.31,23,144.06199999999998,5,307,0,1
17228.0,33,6,1488.56,122,248.09333333333333,6,308,0,1
17229.0,65,2,318.76,39,159.38,2,46,0,0
17230.0,233,8,3638.41,51,454.80125,4,95,0,0
17231.0,33,8,2319.79,230,289.97375,8,297,0,1
17233.0,4,1,190.88,25,190.88,1,0,1,0
17234.0,152,1,149.89000000000001,14,149.89000000000001,1,0,0,0
17235.0,341,1,341.9,10,341.9,1,0,0,1
17236.0,148,5,697.73,62,139.546,5,183,0,1
17238.0,20,13,2510.51,240,193.11615384615385,11,320,1,1
17239.0,282,1,382.5,15,382.5,1,0,0,0
17242.0,77,2,1135.04,30,567.52,2,72,0,0
17243.0,8,19,5492.79,152,289.0942105263158,19,331,2,1
17244.0,22,1,954.9,31,954.9,1,0,1,0
17245.0,174,1,171.45,9,171.45,1,0,0,0
17248.0,89,1,318.65,68,318.65,1,0,0,0
17250.0,230,1,162.65,23,162.65,1,0,0,1
17251.0,332,1,283.28000000000003,37,283.28000000000003,1,0,0,0
17252.0,86,2,353.86,86,176.93,2,69,0,0
17255.0,10,2,298.41,69,149.205,2,258,1,0
17256.0,76,2,240.0,12,120.0,2,204,0,0
17259.0,117,2,603.37,104,301.685,2,220,0,0
17262.0,21,5,1253.3600000000001,9,250.67200000000003,4,313,1,0
17263.0,177,1,63.440000000000005,23,63.440000000000005,1,0,0,0
17265.0,108,2,562.9,106,281.45,2,41,0,0
17266.0,117,1,113.06,17,113.06,1,0,0,1
17267.0,96,2,317.62,37,158.81,1,0,0,0
17268.0,77,4,763.64,3,190.91,4,137,0,0
17272.0,11,4,2148.63,70,537.1575,4,220,2,0
17274.0,4,1,111.97999999999999,24,111.97999999999999,1,0,1,0
17277.0,197,2,1065.3500000000001,67,532.6750000000001,2,95,0,0
17278.0,210,1,246.04,15,246.04,1,0,0,0
17279.0,27,1,187.82999999999998,8,187.82999999999998,1,0,1,0
17282.0,99,3,1703.41,79,567.8033333333334,3,169,0,0
17284.0,29,6,1652.58,229,275.43,6,276,1,0
17287.0,43,6,880.3,79,146.71666666666667,6,298,0,1
17288.0,176,5,663.7,13,132.74,5,151,0,1
17289.0,1,3,944.41,86,314.80333333333334,3,148,2,0
17291.0,277,1,550.8000000000001,1,550.8000000000001,1,0,0,0
17293.0,27,7,1353.68,62,193.38285714285715,6,302,1,1
17295.0,34,1,279.36,29,279.36,1,0,0,1
17298.0,70,2,498.42,30,249.21,2,23,0,0
17299.0,58,3,578.05,49,192.6833333333333,3,83,0,1
17302.0,1,4,997.08,61,249.27,4,273,1,1
17303.0,330,1,250.04,53,250.04,1,0,0,0
17306.0,6,17,7586.16,11,446.24470588235295,14,316,1,1
17309.0,64,1,82.75,11,82.75,1,0,0,0
17311.0,47,2,1384.85,55,692.425,2,238,0,0
17312.0,108,3,644.3,11,214.76666666666665,3,20,0,0
17313.0,0,1,2328.84,24,2328.84,1,0,1,0
17314.0,27,6,2177.55,105,362.925,6,254,1,1
17315.0,7,35,5535.68,249,158.16228571428573,32,319,3,1
17317.0,15,3,2600.34,8,866.7800000000001,3,43,2,0
17320.0,69,3,1200.6200000000001,57,400.2066666666667,3,267,0,0
17321.0,37,1,659.61,94,659.61,1,0,0,1
17323.0,31,5,696.07,105,139.214,5,230,0,1
17324.0,301,2,702.23,17,351.115,2,34,0,1
17325.0,249,1,96.8,6,96.8,1,0,0,0
17329.0,284,1,243.36,16,243.36,1,0,0,1
17330.0,37,1,264.9,5,264.9,1,0,0,1
17331.0,93,1,175.2,1,175.2,1,0,0,0
17333.0,55,1,494.25,28,494.25,1,0,0,0
17334.0,271,2,307.02,11,153.51,2,6,0,0
17337.0,120,4,2027.8700000000001,421,506.96750000000003,4,158,0,0
17338.0,83,7,5207.02,320,743.86,7,247,0,1
17339.0,63,2,243.36,9,121.68,2,270,0,0
17340.0,49,10,8459.5,165,845.95,7,285,0,1
17341.0,126,3,781.36,147,260.4533333333333,2,209,0,0
17343.0,324,1,193.64,17,193.64,1,0,0,0
17344.0,15,1,160.57,31,160.57,1,0,1,0
17345.0,62,3,284.13,32,94.71,2,103,0,1
17346.0,8,12,2180.44,264,181.70333333333335,11,334,4,1
17347.0,55,1,228.96,1,228.96,1,0,0,0
17348.0,5,3,772.18,105,257.3933333333333,3,261,1,1
17349.0,148,1,110.75,8,110.75,1,0,0,0
17350.0,15,2,891.09,57,445.545,2,5,2,1
17351.0,5,3,587.15,22,195.71666666666667,3,237,1,0
17353.0,98,2,1740.0,5,870.0,2,25,0,0
17354.0,20,1,1393.06,15,1393.06,1,0,1,0
17356.0,281,1,178.22,19,178.22,1,0,0,0
17358.0,272,2,365.85,55,182.925,2,52,0,0
17360.0,153,1,330.95,53,330.95,1,0,0,1
17361.0,18,3,488.2,26,162.73333333333332,3,242,1,0
17362.0,208,2,312.23,30,156.115,2,70,0,0
17364.0,106,6,2633.81,153,438.9683333333333,6,193,0,1
17365.0,20,7,4375.19,264,625.0271428571428,6,281,1,1
17367.0,207,1,168.4,33,168.4,1,0,0,0
17368.0,2,7,1802.59,70,257.5128571428571,7,305,1,1
17370.0,42,4,446.18,31,111.545,4,96,0,0
17371.0,330,1,97.63,7,97.63,1,0,0,1
17372.0,10,8,1342.68,215,167.835,8,321,2,0
17373.0,9,4,646.92,47,161.73,4,272,1,0
17374.0,188,2,495.77,24,247.885,2,62,0,0
17375.0,168,3,400.1,63,133.36666666666667,3,162,0,0
17376.0,40,2,203.2,23,101.6,2,240,0,0
17377.0,0,18,3780.36,181,210.02,18,342,6,1
17381.0,36,27,19372.01,40,717.4818518518518,18,305,0,1
17382.0,34,1,65.4,2,65.4,1,0,0,0
17384.0,188,1,227.65,3,227.65,1,0,0,1
17386.0,68,5,1697.3400000000001,8,339.468,3,66,0,1
17387.0,3,1,346.44,18,346.44,1,0,1,1
17388.0,47,4,1259.56,13,314.89,4,209,0,0
17389.0,2,29,21733.38,45,749.4268965517242,28,298,3,1
17391.0,133,2,508.8,2,254.4,2,0,0,0
17392.0,276,2,457.91,53,228.955,2,51,0,0
17394.0,188,1,203.86999999999998,4,203.86999999999998,1,0,0,0
17396.0,8,8,7330.8,24,916.35,4,332,1,0
17398.0,84,3,653.38,30,217.79333333333332,3,140,0,0
17400.0,95,5,2129.96,175,425.992,5,226,0,0
17402.0,20,11,2034.1499999999999,31,184.92272727272726,10,318,2,1
17403.0,5,1,281.62,32,281.62,1,0,1,0
17404.0,23,13,30430.34,106,2340.7953846153846,13,306,2,1
17405.0,42,2,883.01,65,441.505,2,77,0,1
17406.0,302,3,2200.42,99,733.4733333333334,2,33,0,0
17408.0,132,1,32.65,2,32.65,1,0,0,0
17409.0,154,2,771.85,13,385.925,2,63,0,0
17410.0,7,4,978.38,50,244.595,4,177,2,1
17411.0,45,2,569.44,31,284.72,2,185,0,1
17412.0,29,5,870.22,34,174.044,5,312,1,1
17414.0,13,2,778.0,5,389.0,2,141,1,0
17415.0,49,1,507.84,14,507.84,1,0,0,0
17416.0,47,6,5878.81,162,979.8016666666667,6,203,0,1
17418.0,11,2,463.46000000000004,29,231.73000000000002,2,281,1,0
17419.0,8,10,3443.96,134,344.396,9,328,1,1
17420.0,19,3,598.83,28,199.61,3,323,1,0
17422.0,62,5,1698.97,80,339.794,5,203,0,1
17423.0,15,2,698.41,26,349.205,2,171,1,0
17425.0,30,1,688.97,42,688.97,1,0,0,1
17426.0,60,4,4280.59,153,1070.1475,3,190,0,1
17427.0,41,1,100.8,2,100.8,1,0,0,0
17428.0,7,25,16235.45,251,649.418,19,330,2,1
17429.0,97,3,524.9200000000001,36,174.97333333333336,3,90,0,0
17430.0,2,2,265.76,14,132.88,2,332,1,0
17431.0,282,1,403.3,41,403.3,1,0,0,0
17432.0,6,1,175.89,15,175.89,1,0,1,1
17433.0,57,1,303.15999999999997,53,303.15999999999997,1,0,0,0
17434.0,6,3,1141.23,53,380.41,3,48,2,1
17436.0,196,1,122.39999999999999,4,122.39999999999999,1,0,0,1
17438.0,223,1,388.45000000000005,17,388.45000000000005,1,0,0,0
17440.0,126,3,186.42000000000002,3,62.14000000000001,2,90,0,0
17442.0,6,6,2248.56,96,374.76,6,253,1,0
17443.0,189,1,534.24,1,534.24,1,0,0,0
17444.0,117,3,2940.04,132,980.0133333333333,3,25,0,0
17446.0,146,2,120.9,6,60.45,2,133,0,0
17447.0,9,2,541.53,33,270.765,2,31,1,0
17449.0,14,6,2095.17,145,349.195,5,314,2,1
17450.0,5,37,174188.76,122,4707.804324324325,22,331,4,1
17451.0,25,4,1050.25,58,262.5625,3,49,2,1
17453.0,33,1,341.99999999999994,9,341.99999999999994,1,0,0,1
17454.0,161,4,517.53,57,129.3825,4,167,0,0
17455.0,173,1,131.7,8,131.7,1,0,0,0
17456.0,334,1,249.86,17,249.86,1,0,0,0
17457.0,96,5,1737.7,14,347.54,5,212,0,0
17459.0,12,2,657.3,88,328.65,2,16,2,0
17460.0,63,6,622.4300000000001,18,103.73833333333334,6,278,0,0
17462.0,29,2,675.69,25,337.845,2,223,1,0
17463.0,18,4,1698.1,157,424.525,4,263,1,1
17464.0,127,1,289.96000000000004,9,289.96000000000004,1,0,0,0
17466.0,48,1,460.41,23,460.41,1,0,0,1
17469.0,42,4,1492.07,49,373.0175,4,132,0,1
17470.0,14,5,1125.07,67,225.01399999999998,5,323,1,0
17472.0,160,3,710.29,142,236.76333333333332,3,108,0,0
17475.0,48,1,194.37,14,194.37,1,0,0,0
17480.0,47,1,511.82,29,511.82,1,0,0,0
17481.0,5,2,665.63,38,332.815,2,57,1,1
17483.0,34,3,414.04,18,138.01333333333335,3,117,0,0
17486.0,230,1,396.87,24,396.87,1,0,0,0
17489.0,28,2,376.64,28,188.32,2,153,1,0
17490.0,33,4,1321.22,47,330.305,4,112,0,1
17491.0,6,8,2784.45,65,348.05625,8,330,1,1
17492.0,217,1,374.57,12,374.57,1,0,0,0
17495.0,8,1,342.59000000000003,20,342.59000000000003,1,0,1,1
17496.0,328,1,271.05,10,271.05,1,0,0,0
17498.0,45,1,272.22,17,272.22,1,0,0,0
17499.0,259,1,622.88,40,622.88,1,0,0,0
17501.0,190,2,288.6,18,144.3,1,0,0,0
17503.0,8,1,340.43,23,340.43,1,0,1,1
17504.0,175,9,2997.0299999999997,112,333.00333333333333,6,116,0,0
17505.0,131,2,1145.84,48,572.92,2,44,0,0
17506.0,45,1,302.2,14,302.2,1,0,0,0
17507.0,231,2,605.58,79,302.79,2,47,0,0
17508.0,250,1,387.31,22,387.31,1,0,0,0
17509.0,27,8,6115.14,75,764.3925,3,5,1,0
17511.0,0,28,79726.38,417,2847.3707142857143,25,343,4,1
17512.0,20,9,2473.31,58,274.8122222222222,9,250,1,1
17513.0,41,1,513.2,6,513.2,1,0,0,0
17514.0,97,1,208.65,40,208.65,1,0,0,0
17515.0,0,4,639.02,49,159.755,4,286,1,0
17516.0,88,4,608.85,95,152.2125,3,166,0,1
17517.0,278,1,153.94,11,153.94,1,0,0,0
17519.0,103,5,1488.0,50,297.6,5,234,0,1
17520.0,23,1,546.81,30,546.81,1,0,1,0
17521.0,34,2,497.75,29,248.875,2,133,0,1
17522.0,108,4,912.25,54,228.0625,4,79,0,1
17524.0,330,1,145.0,6,145.0,1,0,0,0
17525.0,329,1,422.70000000000005,9,422.70000000000005,1,0,0,0
17526.0,260,3,872.8,9,290.93333333333334,3,74,0,1
17527.0,23,4,939.37,45,234.8425,4,164,1,0
17528.0,12,5,2511.74,155,502.34799999999996,4,28,3,1
17530.0,12,8,1990.49,271,248.81125,7,322,1,1
17531.0,159,1,296.7,14,296.7,1,0,0,0
17534.0,23,1,223.36,9,223.36,1,0,1,0
17535.0,249,1,164.4,13,164.4,1,0,0,0
17536.0,146,1,76.5,3,76.5,1,0,0,0
17537.0,272,1,630.7,60,630.7,1,0,0,1
17540.0,285,1,268.8,8,268.8,1,0,0,1
17542.0,239,1,170.75,24,170.75,1,0,0,0
17545.0,12,3,645.96,122,215.32000000000002,1,0,3,0
17548.0,203,1,103.3,5,103.3,1,0,0,0
17549.0,21,1,28.2,2,28.2,1,0,1,1
17550.0,166,3,267.16,42,89.05333333333334,2,45,0,0
17551.0,328,1,306.84,39,306.84,1,0,0,0
17552.0,29,4,930.41,43,232.6025,3,311,1,0
17553.0,99,1,1487.6,2,1487.6,1,0,0,0
17554.0,28,3,1460.03,52,486.6766666666667,3,88,1,1
17555.0,304,1,195.45,48,195.45,1,0,0,1
17556.0,175,1,157.9,6,157.9,1,0,0,0
17557.0,13,2,439.16,24,219.58,2,37,1,1
17560.0,64,5,854.95,22,170.99,5,215,0,0
17562.0,20,6,956.6800000000001,45,159.4466666666667,6,122,1,1
17564.0,13,2,243.46,22,121.73,2,35,1,1
17567.0,26,7,3913.48,107,559.0685714285714,7,314,1,1
17569.0,301,1,344.14,29,344.14,1,0,0,0
17571.0,19,4,1498.51,247,374.6275,4,248,1,0
17572.0,40,4,226.75000000000003,7,56.68750000000001,4,302,0,0
17573.0,54,2,182.21,12,91.105,2,8,0,1
17574.0,212,1,185.65,8,185.65,1,0,0,0
17576.0,7,18,3227.68,228,179.31555555555553,17,327,2,1
17578.0,187,1,143.45999999999998,5,143.45999999999998,1,0,0,0
17579.0,107,2,270.86,15,135.43,2,41,0,1
17580.0,222,3,215.72,43,71.90666666666667,3,105,0,0
17581.0,2,22,10060.36,223,457.28909090909093,9,338,3,1
17582.0,205,1,175.27,28,175.27,1,0,0,0
17584.0,96,1,749.45,16,749.45,1,0,0,1
17585.0,78,4,1133.07,176,283.2675,4,228,0,0
17588.0,69,3,1240.2,19,413.40000000000003,3,132,0,0
17589.0,29,4,2404.17,172,601.0425,4,180,1,0
17590.0,9,1,349.38,54,349.38,1,0,1,1
17591.0,42,7,2225.9700000000003,81,317.9957142857143,7,293,0,0
17593.0,61,4,3249.14,149,812.285,4,260,0,1
17594.0,54,2,993.18,42,496.59,2,169,0,0
17595.0,6,1,157.9,33,157.9,1,0,1,1
17596.0,14,6,2532.76,166,422.1266666666667,6,323,1,1
17597.0,183,1,2044.3700000000001,55,2044.3700000000001,1,0,0,0
17601.0,208,1,116.00999999999999,9,116.00999999999999,1,0,0,0
17602.0,12,4,3244.92,263,811.23,4,281,1,1
17603.0,47,1,394.72,11,394.72,1,0,0,0
17604.0,186,2,309.36,57,154.68,2,94,0,0
17608.0,2,2,193.42,54,96.71,1,0,2,0
17609.0,10,5,1112.22,199,222.44400000000002,4,286,2,0
17611.0,0,13,3678.17,429,282.93615384615384,13,330,3,1
17612.0,22,6,2048.45,116,341.4083333333333,6,244,1,0
17613.0,13,12,4262.25,209,355.1875,10,261,2,1
17614.0,26,1,390.07,97,390.07,1,0,1,0
17615.0,99,3,329.6,13,109.86666666666667,3,91,0,0
17616.0,143,3,571.1999999999999,1,190.39999999999998,3,194,0,0
17618.0,217,2,666.78,48,333.39,2,113,0,1
17619.0,281,1,218.52,71,218.52,1,0,0,0
17620.0,29,1,81.44,4,81.44,1,0,1,0
17621.0,281,2,901.78,15,450.89,2,41,0,1
17623.0,2,1,527.0500000000001,33,527.0500000000001,1,0,1,0
17624.0,187,1,400.3,25,400.3,1,0,0,1
17625.0,21,3,1619.2,196,539.7333333333333,3,206,1,1
17628.0,50,1,75.75,5,75.75,1,0,0,0
17629.0,36,6,1392.17,86,232.02833333333334,6,293,0,1
17630.0,139,2,503.59999999999997,24,251.79999999999998,2,62,0,0
17631.0,106,2,416.5,29,208.25,2,95,0,1
17633.0,0,4,1324.84,59,331.21,4,88,1,0
17634.0,5,9,2361.9700000000003,209,262.4411111111111,9,301,2,0
17637.0,0,2,547.0600000000001,35,273.53000000000003,2,83,1,0
17639.0,245,1,108.5,7,108.5,1,0,0,0
17640.0,56,1,621.66,5,621.66,1,0,0,0
17642.0,89,2,712.29,34,356.145,2,56,0,0
17643.0,342,1,101.55,8,101.55,1,0,0,0
17644.0,5,10,2562.88,91,256.288,7,224,2,1
17646.0,188,3,1008.39,46,336.13,3,145,0,0
17647.0,34,1,133.06,7,133.06,1,0,0,0
17648.0,30,4,1797.5,81,449.375,3,188,0,0
17649.0,107,1,868.49,52,868.49,1,0,0,0
17651.0,1,9,3653.05,146,405.89444444444445,8,145,3,1
17652.0,4,11,4583.6,117,416.69090909090914,11,246,3,1
17653.0,6,4,1207.56,44,301.89,4,83,2,0
17654.0,246,1,117.55,22,117.55,1,0,0,0
17655.0,9,6,2191.2000000000003,62,365.20000000000005,6,325,1,1
17656.0,42,5,1674.69,67,334.938,5,55,0,0
17658.0,180,1,317.59999999999997,9,317.59999999999997,1,0,0,1
17659.0,28,10,1961.89,82,196.18900000000002,10,312,1,1
17660.0,110,1,196.0,37,196.0,1,0,0,0
17663.0,7,6,1499.28,50,249.88,6,249,1,1
17664.0,181,1,326.19,23,326.19,1,0,0,1
17666.0,35,1,409.08,12,409.08,1,0,0,1
17667.0,35,5,2055.51,85,411.10200000000003,4,232,0,0
17668.0,7,1,161.85,8,161.85,1,0,1,1
17669.0,12,7,3406.7200000000003,45,486.67428571428576,7,206,1,0
17670.0,197,1,205.7,11,205.7,1,0,0,0
17671.0,127,3,1098.55,38,366.18333333333334,3,207,0,1
17672.0,19,2,3178.17,105,1589.085,2,259,1,0
17673.0,36,5,1516.65,113,303.33000000000004,5,253,0,1
17674.0,43,2,551.04,19,275.52,2,294,0,0
17675.0,6,27,17073.39,210,632.3477777777778,25,330,2,1
17676.0,27,5,1040.08,40,208.016,5,308,1,1
17677.0,5,27,15018.23,174,556.2307407407408,16,333,5,1
17678.0,233,1,298.11,16,298.11,1,0,0,0
17679.0,22,2,1992.1100000000001,29,996.0550000000001,2,32,1,0
17682.0,84,5,1899.3500000000001,39,379.87,5,253,0,1
17684.0,13,1,239.41,15,239.41,1,0,1,0
17685.0,58,6,2799.13,80,466.5216666666667,6,283,0,1
17686.0,50,6,5110.09,190,851.6816666666667,4,222,0,1
17690.0,4,14,4253.42,174,303.8157142857143,13,337,2,1
17691.0,327,2,290.40000000000003,18,145.20000000000002,2,10,0,0
17692.0,96,4,740.9399999999999,34,185.23499999999999,4,232,0,0
17693.0,106,1,200.47,16,200.47,1,0,0,0
17694.0,111,1,283.12,15,283.12,1,0,0,0
17695.0,101,2,765.34,30,382.67,2,39,0,0
17696.0,7,8,2285.71,78,285.71375,7,326,1,0
17697.0,205,1,338.95,19,338.95,1,0,0,0
17698.0,230,1,154.95,8,154.95,1,0,0,0
17700.0,64,3,1681.83,78,560.61,3,186,0,1
17701.0,222,1,417.95,24,417.95,1,0,0,0
17702.0,78,3,1338.77,46,446.25666666666666,3,97,0,1
17703.0,4,3,798.74,47,266.24666666666667,3,103,1,0
17704.0,138,2,885.19,27,442.595,2,71,0,0
17705.0,44,7,1191.92,54,170.27428571428572,7,227,0,1
17706.0,13,16,9728.65,265,608.040625,11,322,2,1
17707.0,154,2,152.4,3,76.2,2,151,0,0
17708.0,157,2,267.08,28,133.54,2,137,0,0
17709.0,139,1,137.45,7,137.45,1,0,0,0
17711.0,259,1,220.53000000000003,13,220.53000000000003,1,0,0,1
17712.0,14,1,522.91,29,522.91,1,0,1,0
17714.0,290,1,153.0,10,153.0,1,0,0,0
17715.0,170,1,326.4,1,326.4,1,0,0,0
17716.0,45,9,5002.31,164,555.8122222222223,7,192,0,1
17718.0,201,1,139.35,6,139.35,1,0,0,0
17719.0,7,15,5396.04,111,359.736,15,217,1,0
17720.0,82,3,887.6,32,295.8666666666667,3,254,0,1
17722.0,65,4,2424.04,111,606.01,4,270,0,0
17723.0,96,6,3276.4000000000005,4,546.0666666666667,6,87,0,0
17724.0,40,3,1033.0,38,344.3333333333333,3,67,0,0
17725.0,10,10,3119.75,109,311.975,10,226,1,1
17728.0,35,2,2288.16,133,1144.08,2,20,0,1
17730.0,12,11,4310.77,107,391.88818181818186,11,283,2,1
17731.0,48,4,1240.11,54,310.0275,3,104,0,0
17732.0,342,1,303.97,18,303.97,1,0,0,0
17733.0,8,2,692.19,33,346.095,2,222,1,0
17734.0,23,3,700.63,40,233.54333333333332,3,180,1,0
17735.0,6,18,12216.42,298,678.69,17,330,1,1
17736.0,12,2,347.44,24,173.72,2,70,1,1
17737.0,27,1,87.39,6,87.39,1,0,1,1
17738.0,118,3,1571.49,72,523.83,2,133,0,1
17739.0,7,6,2402.07,28,400.345,6,322,1,1
17742.0,82,2,355.11,13,177.555,2,219,0,0
17744.0,220,4,1288.96,50,322.24,4,107,0,1
17746.0,209,1,110.25,6,110.25,1,0,0,0
17747.0,82,1,71.4,1,71.4,1,0,0,0
17749.0,147,2,674.52,33,337.26,2,78,0,0
17750.0,5,8,1684.25,97,210.53125,8,127,2,1
17752.0,328,1,80.64,1,80.64,1,0,0,0
17754.0,7,4,1571.27,60,392.8175,4,222,1,1
17757.0,1,24,4156.02,243,173.16750000000002,24,339,2,1
17758.0,21,6,2772.9900000000002,261,462.165,5,197,1,1
17759.0,138,2,167.15,18,83.575,1,0,0,1
17760.0,342,1,172.54,9,172.54,1,0,0,1
17761.0,2,1,712.78,19,712.78,1,0,1,0
17763.0,232,1,15.0,1,15.0,1,0,0,0
17764.0,20,2,818.8199999999999,71,409.40999999999997,2,160,1,0
17765.0,128,3,371.88,51,123.96,3,98,0,0
17768.0,2,2,1411.33,67,705.665,2,133,1,1
17769.0,3,7,3211.93,176,458.84714285714284,7,287,3,1
17770.0,168,5,1143.27,33,228.654,4,83,0,0
17771.0,26,2,245.81,51,122.905,2,266,1,0
17774.0,66,4,1225.41,123,306.3525,4,208,0,0
17775.0,224,1,56.4,3,56.4,1,0,0,0
17777.0,8,2,450.95,111,225.475,2,60,1,1
17779.0,57,2,489.51,62,244.755,2,55,0,1
17781.0,128,2,188.02,12,94.01,2,93,0,0
17783.0,41,2,283.47,67,141.735,2,175,0,0
17785.0,22,1,131.94,13,131.94,1,0,1,0
17786.0,54,2,278.74,57,139.37,2,231,0,0
17787.0,122,4,1865.19,94,466.2975,4,218,0,0
17788.0,43,2,1117.9,3,558.95,2,55,0,0
17789.0,250,1,225.9,14,225.9,1,0,0,0
17790.0,30,13,1692.04,103,130.15692307692308,11,303,0,1
17795.0,149,2,350.39,43,175.195,2,85,0,0
17796.0,9,4,697.9,63,174.475,4,329,1,0
17797.0,152,1,272.41,44,272.41,1,0,0,1
17799.0,68,9,2531.75,245,281.30555555555554,8,262,0,1
17800.0,6,9,1199.01,51,133.22333333333333,9,296,2,0
17802.0,51,3,1285.04,102,428.34666666666664,3,290,0,0
17805.0,43,1,512.31,10,512.31,1,0,0,0
17809.0,25,10,4975.51,46,497.55100000000004,9,317,1,1
17811.0,1,33,6338.49,280,192.07545454545453,32,301,4,1
17812.0,7,2,261.02,40,130.51,2,329,1,1
17813.0,7,4,1568.41,271,392.1025,4,32,2,1
17816.0,6,4,36.56,16,9.14,4,328,1,0
17817.0,246,2,269.7,12,134.85,1,0,0,1
17819.0,41,7,3704.87,36,529.2671428571429,7,299,0,0
17824.0,20,1,298.4,13,298.4,1,0,1,0
17827.0,211,4,1583.81,140,395.9525,2,122,0,1
17828.0,79,3,1076.66,51,358.8866666666667,3,75,0,1
17829.0,268,1,889.24,30,889.24,1,0,0,0
17830.0,231,2,287.65000000000003,15,143.82500000000002,2,27,0,1
17831.0,2,1,35.400000000000006,2,35.400000000000006,1,0,1,0
17832.0,19,1,155.37,61,155.37,1,0,1,0
17836.0,16,1,110.21000000000001,23,110.21000000000001,1,0,1,0
17837.0,11,8,1593.38,110,199.1725,8,120,3,0
17838.0,58,4,2312.7,86,578.175,4,282,0,1
17839.0,11,1,338.8,50,338.8,1,0,1,0
17841.0,0,110,33499.22,1237,304.53836363636367,99,342,16,1
17843.0,272,1,205.48,36,205.48,1,0,0,0
17844.0,76,1,51.559999999999995,5,51.559999999999995,1,0,0,0
17846.0,54,1,2033.1,1,2033.1,1,0,0,0
17848.0,50,9,901.1999999999999,41,100.13333333333333,9,276,0,0
17849.0,187,4,605.8000000000001,14,151.45000000000002,4,115,0,0
17850.0,341,34,5391.21,21,158.565,2,1,0,0
17854.0,154,2,311.26,15,155.63,2,41,0,0
17855.0,342,1,208.97,17,208.97,1,0,0,0
17856.0,202,3,1142.63,6,380.8766666666667,3,48,0,1
17857.0,2,19,20283.44,17,1067.5494736842104,17,333,4,1
17858.0,23,11,4391.94,80,399.2672727272727,11,315,1,1
17859.0,274,1,148.21,23,148.21,1,0,0,0
17860.0,338,1,252.8,49,252.8,1,0,0,0
17861.0,105,5,1301.57,114,260.31399999999996,4,183,0,1
17862.0,293,1,330.9,11,330.9,1,0,0,0
17863.0,28,6,3160.0,110,526.6666666666666,6,310,1,0
17864.0,58,2,480.72,61,240.36,2,186,0,1
17865.0,0,20,10526.32,191,526.316,16,333,3,0
17866.0,112,1,329.65,9,329.65,1,0,0,0
17867.0,113,4,957.48,8,239.37,3,145,0,1
17869.0,76,5,428.18,37,85.636,4,260,0,0
17870.0,1,10,1253.42,130,125.34200000000001,7,335,2,1
17871.0,174,1,155.9,10,155.9,1,0,0,0
17873.0,49,5,1859.16,24,371.832,5,293,0,0
17874.0,154,6,683.46,37,113.91000000000001,3,70,0,0
17877.0,139,1,237.61,12,237.61,1,0,0,0
17878.0,13,1,379.45,26,379.45,1,0,1,0
17879.0,143,1,178.51999999999998,6,178.51999999999998,1,0,0,0
17880.0,334,1,458.92,26,458.92,1,0,0,0
17881.0,273,1,133.35000000000002,8,133.35000000000002,1,0,0,0
17883.0,55,2,197.8,39,98.9,2,159,0,1
17884.0,281,3,602.84,86,200.9466666666667,3,59,0,1
17886.0,1,3,899.61,93,299.87,3,217,1,0
17887.0,98,1,111.35,10,111.35,1,0,0,0
17888.0,7,7,654.05,59,93.43571428571428,7,319,2,1
17889.0,181,2,203.87,20,101.935,2,109,0,0
17890.0,292,2,602.09,88,301.045,2,38,0,0
17891.0,131,1,203.85999999999999,34,203.85999999999999,1,0,0,0
17892.0,25,3,244.1,27,81.36666666666666,3,99,2,0
17893.0,194,1,112.25,15,112.25,1,0,0,0
17894.0,41,8,1119.81,127,139.97625,8,294,0,0
17895.0,13,1,98.0,15,98.0,1,0,1,0
17897.0,142,3,566.6,100,188.86666666666667,3,200,0,0
17898.0,54,2,152.06,27,76.03,2,121,0,0
17899.0,128,1,155.8,29,155.8,1,0,0,0
17900.0,159,2,112.19999999999999,4,56.099999999999994,1,0,0,0
17905.0,40,4,800.24,33,200.06,4,302,0,0
17906.0,216,1,72.9,12,72.9,1,0,0,0
17908.0,343,1,243.28,51,243.28,1,0,0,0
17912.0,279,5,311.01,35,62.202,4,54,0,0
17913.0,28,2,411.6,55,205.8,2,296,1,0
17917.0,14,3,341.28,77,113.75999999999999,3,317,1,0
17919.0,57,1,1304.04,23,1304.04,1,0,0,0
17920.0,2,12,3210.34,296,267.52833333333336,12,340,2,1
17921.0,33,4,826.52,114,206.63,4,202,0,0
17923.0,251,1,207.50000000000003,1,207.50000000000003,1,0,0,0
17924.0,8,5,2669.94,24,533.988,4,334,2,1
17925.0,342,1,244.08,1,244.08,1,0,0,0
17926.0,102,2,397.29,17,198.645,2,70,0,0
17928.0,14,2,212.54,23,106.27,2,200,1,0
17929.0,82,3,707.0,4,235.66666666666666,3,195,0,1
17930.0,5,5,1740.48,26,348.096,5,203,1,0
17931.0,103,2,408.36,63,204.18,2,121,0,0
17932.0,143,2,934.51,63,467.255,2,37,0,1
17934.0,21,2,704.25,21,352.125,2,7,2,0
17935.0,107,2,145.79,28,72.895,2,3,0,0
17937.0,0,6,3940.92,19,656.82,6,331,1,1
17939.0,129,1,99.14,12,99.14,1,0,0,0
17940.0,18,10,4106.4400000000005,6,410.64400000000006,9,253,1,0
17941.0,100,1,304.56,2,304.56,1,0,0,0
17946.0,202,2,149.57999999999998,18,74.78999999999999,2,26,0,0
17947.0,6,1,176.68,9,176.68,1,0,1,0
17948.0,116,1,358.56000000000006,1,358.56000000000006,1,0,0,0
17949.0,12,39,54915.76,29,1408.0964102564103,26,328,2,1
17950.0,41,3,482.2,63,160.73333333333332,2,293,0,0
17951.0,9,3,1008.5400000000001,18,336.18,3,333,1,0
17954.0,37,11,2039.76,279,185.43272727272728,11,303,0,1
17955.0,168,4,557.3,14,139.325,3,20,0,0
17956.0,218,1,12.75,1,12.75,1,0,0,0
17957.0,35,1,111.68,31,111.68,1,0,0,0
17958.0,86,1,508.4599999999999,7,508.4599999999999,1,0,0,0
17960.0,140,1,73.78,26,73.78,1,0,0,0
17961.0,0,37,1279.79,210,34.58891891891892,34,340,1,1
17962.0,111,1,102.83,33,102.83,1,0,0,0
17964.0,1,2,471.7,84,235.85,2,340,1,0
17965.0,7,14,2622.57,274,187.32642857142858,13,331,2,0
17966.0,7,5,1098.43,53,219.686,4,223,1,0
17967.0,341,1,123.07,41,123.07,1,0,0,0
17968.0,343,1,277.35,74,277.35,1,0,0,0
17969.0,135,2,228.2,14,114.1,2,194,0,0
17970.0,180,1,582.59,27,582.59,1,0,0,0
17972.0,211,1,136.04,30,136.04,1,0,0,0
17973.0,21,1,337.04,15,337.04,1,0,1,0
17974.0,13,2,308.32,52,154.16,2,175,1,1
17975.0,33,12,4241.1900000000005,174,353.43250000000006,12,302,0,1
17976.0,341,1,353.19,56,353.19,1,0,0,0
17978.0,334,1,300.91999999999996,12,300.91999999999996,1,0,0,0
17979.0,5,4,757.71,116,189.4275,3,224,1,0
17980.0,135,3,811.45,23,270.48333333333335,3,193,0,0
17984.0,114,1,152.68,48,152.68,1,0,0,0
17986.0,25,1,20.8,1,20.8,1,0,1,0
17987.0,154,1,198.57,13,198.57,1,0,0,0
17988.0,86,5,146.0,25,29.2,3,209,0,1
17990.0,206,3,630.84,27,210.28,3,124,0,0
17991.0,194,2,93.35,4,46.675,2,0,0,0
17994.0,91,4,678.49,63,169.6225,4,169,0,0
17995.0,251,1,76.1,2,76.1,1,0,0,0
17997.0,43,8,1970.6699999999998,133,246.33374999999998,8,89,0,0
17999.0,6,2,382.06,87,191.03,2,329,1,0
18001.0,56,1,252.23,41,252.23,1,0,0,1
18004.0,331,1,169.47,32,169.47,1,0,0,0
18005.0,16,1,139.97,21,139.97,1,0,1,1
18008.0,39,9,2116.19,24,235.13222222222223,8,248,0,0
18009.0,204,1,257.34,31,257.34,1,0,0,0
18010.0,226,1,174.8,14,174.8,1,0,0,0
18011.0,342,1,102.78999999999999,28,102.78999999999999,1,0,0,0
18013.0,124,2,187.29,31,93.645,1,0,0,0
18016.0,1,5,1483.56,90,296.712,5,331,1,0
18017.0,50,3,523.0,1,174.33333333333334,3,229,0,0
18018.0,77,2,122.14,29,61.07,2,91,0,0
18019.0,21,1,38.45,5,38.45,1,0,1,0
18022.0,5,1,668.11,141,668.11,1,0,1,0
18024.0,122,2,389.78,21,194.89,1,0,0,0
18027.0,68,1,115.31,21,115.31,1,0,0,0
18030.0,11,1,121.1,4,121.1,1,0,1,1
18032.0,303,1,73.5,5,73.5,1,0,0,0
18033.0,34,1,97.97,32,97.97,1,0,0,0
18035.0,5,3,730.4,44,243.46666666666667,2,7,3,0
18036.0,1,3,405.62,77,135.20666666666668,3,213,1,0
18037.0,123,6,70.02,19,11.67,6,207,0,0
18040.0,215,1,239.0,12,239.0,1,0,0,1
18041.0,6,19,3695.05,239,194.4763157894737,18,336,1,1
18042.0,23,1,165.04999999999998,7,165.04999999999998,1,0,1,0
18043.0,176,2,451.81,87,225.905,2,160,0,1
18044.0,6,9,1877.7,81,208.63333333333333,9,323,1,1
18045.0,14,1,189.4,43,189.4,1,0,1,0
18048.0,172,2,172.29000000000002,6,86.14500000000001,1,0,0,0
18050.0,328,1,74.4,5,74.4,1,0,0,0
18053.0,40,1,300.02,20,300.02,1,0,0,0
18055.0,9,9,5920.42,207,657.8244444444445,9,330,1,1
18056.0,257,1,363.65,19,363.65,1,0,0,0
18059.0,13,2,219.86,13,109.93,2,23,1,1
18061.0,35,9,2027.01,18,225.22333333333333,9,300,0,1
18062.0,142,3,720.52,23,240.17333333333332,3,164,0,0
18064.0,102,2,814.0,7,407.0,2,102,0,0
18065.0,56,11,1949.19,93,177.19909090909093,5,277,0,1
18066.0,44,1,318.0,10,318.0,1,0,0,0
18067.0,9,1,396.33,36,396.33,1,0,1,0
18068.0,258,1,101.69999999999999,1,101.69999999999999,1,0,0,0
18069.0,57,4,1781.97,293,445.4925,4,239,0,1
18071.0,227,2,453.0,23,226.5,2,108,0,0
18072.0,155,1,247.44,18,247.44,1,0,0,0
18073.0,83,12,3877.5200000000004,23,323.1266666666667,10,82,0,0
18074.0,343,1,489.6,13,489.6,1,0,0,0
18075.0,29,9,2257.77,81,250.86333333333334,9,301,1,1
18077.0,3,10,2377.67,98,237.767,10,333,3,1
18078.0,186,2,336.13,27,168.065,2,41,0,0
18079.0,14,4,3651.97,99,912.9925,3,193,2,0
18080.0,212,1,841.4999999999999,1,841.4999999999999,1,0,0,1
18081.0,5,3,343.45,14,114.48333333333333,3,97,1,0
18085.0,299,2,689.95,25,344.975,2,43,0,0
18086.0,243,1,101.34,7,101.34,1,0,0,0
18087.0,67,2,4055.7199999999993,2,2027.8599999999997,2,192,0,0
18088.0,30,1,167.67000000000002,35,167.67000000000002,1,0,0,0
18092.0,8,10,8506.42,28,850.642,9,327,1,1
18093.0,62,4,2106.52,31,526.63,4,209,0,0
18094.0,51,7,3017.3,39,431.04285714285714,5,210,0,0
18095.0,282,2,580.0500000000001,20,290.02500000000003,2,20,0,0
18096.0,26,2,622.71,121,311.355,2,6,1,1
18097.0,96,5,2011.4,56,402.28000000000003,4,227,0,1
18099.0,96,1,168.31,19,168.31,1,0,0,0
18101.0,112,1,110.23,13,110.23,1,0,0,1
18102.0,5,56,247885.68,150,4426.53,23,331,8,1
18104.0,6,1,754.64,38,754.64,1,0,1,0
18105.0,7,1,113.48000000000002,18,113.48000000000002,1,0,1,0
18106.0,299,1,430.7,33,430.7,1,0,0,0
18108.0,223,1,271.0,17,271.0,1,0,0,0
18109.0,0,22,6159.72,117,279.98727272727274,22,339,2,1
18112.0,135,1,196.64,12,196.64,1,0,0,1
18113.0,338,1,76.32000000000001,1,76.32000000000001,1,0,0,0
18114.0,259,1,220.1,28,220.1,1,0,0,0
18116.0,37,8,1418.03,230,177.25375,8,296,0,0
18118.0,14,23,4991.79,406,217.03434782608696,23,325,3,1
18119.0,337,1,181.12,29,181.12,1,0,0,0
18120.0,183,1,111.15,17,111.15,1,0,0,0
18121.0,118,2,673.1,28,336.55,2,5,0,0
18122.0,5,4,962.48,122,240.62,4,115,2,1
18123.0,0,1,323.47999999999996,13,323.47999999999996,1,0,1,1
18125.0,171,3,945.14,146,315.0466666666667,3,114,0,1
18126.0,30,1,206.82999999999998,52,206.82999999999998,1,0,0,0
18127.0,103,1,139.6,8,139.6,1,0,0,1
18129.0,212,1,112.55000000000001,13,112.55000000000001,1,0,0,0
18130.0,26,1,313.86,21,313.86,1,0,1,1
18133.0,181,1,931.4999999999999,1,931.4999999999999,1,0,0,0
18135.0,1,4,552.3100000000001,11,138.07750000000001,4,158,2,1
18136.0,32,3,784.33,34,261.4433333333333,3,256,0,0
18138.0,264,1,152.65,8,152.65,1,0,0,0
18142.0,126,2,1019.52,9,509.76,2,58,0,0
18143.0,86,2,1000.16,59,500.08,2,25,0,0
18144.0,0,11,2656.75,27,241.52272727272728,10,342,1,1
18145.0,57,3,2103.25,109,701.0833333333334,3,225,0,1
18146.0,110,2,160.35000000000002,10,80.17500000000001,2,79,0,0
18147.0,15,2,179.33999999999997,7,89.66999999999999,2,62,1,0
18149.0,20,3,612.0799999999999,11,204.02666666666664,3,222,1,0
18150.0,1,3,566.58,29,188.86,3,169,1,0
18151.0,104,2,653.35,38,326.675,2,155,0,0
18154.0,13,1,220.48999999999998,11,220.48999999999998,1,0,1,1
18155.0,44,3,371.62,19,123.87333333333333,3,216,0,0
18156.0,339,1,206.23000000000002,50,206.23000000000002,1,0,0,1
18158.0,58,1,343.8,24,343.8,1,0,0,1
18159.0,270,1,530.15,23,530.15,1,0,0,0
18160.0,26,2,638.0600000000001,37,319.03000000000003,2,143,1,0
18161.0,34,4,1156.69,35,289.1725,4,255,0,1
18164.0,6,1,399.65000000000003,24,399.65000000000003,1,0,1,0
18165.0,146,1,302.46000000000004,10,302.46000000000004,1,0,0,0
18167.0,4,2,889.08,22,444.54,2,70,1,1
18168.0,145,6,1169.94,97,194.99,6,196,0,0
18169.0,30,1,202.65,9,202.65,1,0,0,0
18170.0,2,3,980.31,29,326.77,3,183,1,0
18171.0,28,5,1231.31,43,246.262,5,274,1,0
18172.0,0,19,7153.68,100,376.50947368421055,13,258,5,1
18173.0,56,4,2106.84,23,526.71,4,187,0,0
18176.0,327,1,476.35,30,476.35,1,0,0,0
18177.0,0,6,1341.42,53,223.57000000000002,6,224,1,0
18178.0,98,4,1590.81,80,397.7025,4,235,0,0
18179.0,22,5,1572.5900000000001,79,314.51800000000003,5,282,1,1
18180.0,29,5,1533.02,93,306.604,5,83,1,1
18183.0,196,2,632.07,36,316.035,2,47,0,0
18185.0,218,1,304.25,17,304.25,1,0,0,0
18188.0,46,2,1608.28,58,804.14,2,212,0,1
18189.0,47,2,1090.24,65,545.12,2,190,0,0
18190.0,161,2,284.46000000000004,14,142.23000000000002,2,138,0,0
18191.0,231,1,207.79999999999998,7,207.79999999999998,1,0,0,0
18192.0,41,1,957.97,45,957.97,1,0,0,0
18193.0,134,1,243.76,16,243.76,1,0,0,0
18194.0,51,1,973.8399999999999,7,973.8399999999999,1,0,0,0
18196.0,64,2,689.13,131,344.565,2,195,0,0
18198.0,0,16,5107.110000000001,79,319.19437500000004,16,305,1,1
18200.0,75,1,163.8,29,163.8,1,0,0,0
18202.0,169,3,1396.99,55,465.66333333333336,2,111,0,0
18203.0,126,1,160.42000000000002,19,160.42000000000002,1,0,0,0
18204.0,40,3,1993.7,159,664.5666666666667,3,121,0,0
18205.0,5,2,517.36,30,258.68,2,38,1,0
18210.0,20,2,1400.77,74,700.385,2,215,1,1
18211.0,12,4,550.87,35,137.7175,4,235,1,1
18212.0,295,1,248.42,30,248.42,1,0,0,0
18213.0,206,1,232.48000000000002,15,232.48000000000002,1,0,0,0
18215.0,58,1,299.34000000000003,13,299.34000000000003,1,0,0,0
18216.0,0,1,481.75,26,481.75,1,0,1,0
18217.0,40,1,317.90000000000003,19,317.90000000000003,1,0,0,1
18218.0,180,2,662.08,17,331.04,2,70,0,0
18219.0,12,9,1827.4,57,203.04444444444445,8,325,1,1
18220.0,196,1,305.28000000000003,2,305.28000000000003,1,0,0,0
18221.0,33,4,878.66,51,219.665,4,147,0,1
18222.0,62,1,443.0,19,443.0,1,0,0,0
18223.0,9,13,5905.82,113,454.2938461538461,12,318,1,1
18224.0,233,1,158.95000000000002,10,158.95000000000002,1,0,0,0
18225.0,12,9,4452.14,113,494.68222222222226,9,321,1,1
18226.0,13,11,5228.05,141,475.27727272727276,11,293,1,0
18227.0,187,1,93.75,5,93.75,1,0,0,0
18228.0,26,2,779.9,23,389.95,2,22,1,0
18229.0,1,18,6591.2,62,366.17777777777775,18,340,2,1
18230.0,63,5,2146.36,32,429.27200000000005,5,208,0,1
18231.0,161,5,2083.27,106,416.654,5,96,0,0
18232.0,51,4,592.97,31,148.2425,4,115,0,0
18233.0,295,1,440.0,1,440.0,1,0,0,0
18235.0,41,3,1796.48,100,598.8266666666667,3,145,0,0
18236.0,49,5,773.74,37,154.748,5,160,0,1
18237.0,34,4,861.35,39,215.3375,4,69,0,1
18239.0,188,5,1561.6100000000001,80,312.322,5,153,0,0
18240.0,15,1,422.58,6,422.58,1,0,1,0
18241.0,19,16,1955.55,59,122.221875,16,168,3,1
18242.0,41,4,2232.4900000000002,72,558.1225000000001,3,141,0,0
18245.0,118,6,1672.81,103,278.8016666666667,4,205,0,1
18246.0,202,1,232.9,2,232.9,1,0,0,1
18248.0,92,2,804.02,39,402.01,2,63,0,0
18250.0,279,1,349.27,21,349.27,1,0,0,0
18251.0,56,1,4314.72,16,4314.72,1,0,0,0
18252.0,20,2,526.67,90,263.335,2,121,1,0
18255.0,58,1,103.3,6,103.3,1,0,0,0
18257.0,8,8,2337.63,97,292.20375,7,256,1,0
18259.0,54,2,1268.2,24,634.1,2,281,0,1
18260.0,142,6,2643.2000000000003,86,440.53333333333336,6,185,0,0
18261.0,12,2,324.24,19,162.12,2,52,1,0
18262.0,109,1,149.48,13,149.48,1,0,0,0
18263.0,125,2,811.4,45,405.7,2,96,0,1
18265.0,41,2,801.51,44,400.755,2,85,0,0
18268.0,103,1,25.5,1,25.5,1,0,0,0
18269.0,335,1,168.6,7,168.6,1,0,0,0
18270.0,7,2,283.15,11,141.575,2,228,1,0
18272.0,15,5,2710.7,91,542.14,5,201,1,1
18273.0,65,2,153.0,1,76.5,2,162,0,1
18276.0,13,1,335.86,14,335.86,1,0,1,0
18277.0,27,1,110.38,8,110.38,1,0,1,0
18278.0,43,1,173.9,9,173.9,1,0,0,0
18280.0,247,1,180.60000000000002,10,180.60000000000002,1,0,0,0
18281.0,150,1,80.82,7,80.82,1,0,0,0
18282.0,95,1,100.21000000000001,7,100.21000000000001,1,0,0,1
18283.0,12,11,1235.32,225,112.30181818181818,10,294,1,1
18287.0,12,3,1837.28,59,612.4266666666666,3,158,2,0
